name,href,price,support,deal_cnt
联想电脑台式机i3i5i9商务办公网课学习工作设计吃鸡游戏独显二手台式机整套套餐5】I5-3470/8G/120G固+500G送高清显示器三年质保品牌原装,https://item.jd.com/67701207724.html,1059.00,否,100000.0
华橙酷睿i5/i7级八核/GTX1660S6G独显/企业办公迷你家用组装吃鸡台式机电脑主机整机全电脑主机配置二（i7级六核+16G内存+GT游戏独显）,https://item.jd.com/49004939880.html,789.00,否,1000
华硕天选X2022电竞游戏台式机电脑主机(i5-12400F16G512GSSDGTX1660Ti6G独显wifi),https://item.jd.com/100021404087.html,5489.00,是,20000.0
"京品电脑	
攀升探险家12代i712700F/RTX3060/华硕B660/500GNVMe/16G设计师电竞游戏台式电脑主机全套整机DIY组装机UPC",https://item.jd.com/100014771931.html,7499.00,是,5000
宏碁（Acer）设计师游戏家用办公组装水冷台式电脑单主机(i9-11900F32G1T固态+2T3060Ti冷排散热)定制,https://item.jd.com/100043170991.html,8699.00,是,1.0
宏华（HONUA）Intel酷睿i5高频处理器GTX10808G吃鸡游戏家用办公台式组装电脑主机主机配置一：高频强芯+4G内存+高清集显家用办公,https://item.jd.com/29321058532.html,498.00,否,20000.0
联想（Lenovo）小新2423.8英寸一体机电脑全面屏高性能学生网课台式电脑企业办公家用标配R5-5500U8G512GSSD黑色,https://item.jd.com/10337379820.html,3749.00,否,1000
AppleMacmini新款八核M1芯片8G256GSSD台式电脑主机MGNR3CH/A,https://item.jd.com/100016616044.html,5299.00,是,20000.0
"京品电脑	
华硕天选X电竞游戏台式机电脑主机(Inteli5-11400F16G512GSSDRTX306012G独显WiFi三年上门)",https://item.jd.com/100029717180.html,5289.00,是,20000.0
戴尔（DELL）成就3881/3890台式机电脑办公电脑商用主机家用网课财务迷你主机全套英特尔G64058G256G固态定制主机+21.5英寸显示器,https://item.jd.com/10038805191350.html,2849.00,否,5000
"爱心东东	
UIG英特尔酷睿i7升十二核/32G内存/RTX3060吃鸡台式电脑全套主机组装游戏家用企业办公单主机配置六【E5十二核+32G/1024G电竞旗舰】",https://item.jd.com/10056872646584.html,3798.00,否,10000.0
华硕i712700F\/KF\/RTX3060\/3070Ti高配直播台式电脑主机DIY组装机配置一（12700F+ONDA昂达3060）,https://item.jd.com/10029898893356.html,6799.00,否,1000
紫金侠11代酷睿i7八核RTX3060吃鸡LOL直播设计商用家用办公游戏电脑台式机主机整机组装机【水冷】主机+32英寸高清显示器全套送键鼠D1581十六核/16g/512g/1650电竞,https://item.jd.com/10064598597781.html,3989.00,否,0.0
航向者i512400F/RTX2060/3060Ti永劫无间吃鸡游戏台式电脑主机DIY组装机全套套五水冷加强款：512G丨32G丨20708G,https://item.jd.com/10023418376798.html,3199.00,否,20000.0
清华同方（THTF）精锐M825商用办公台式电脑整机(i5-1240016G512GSSD内置WiFi三年上门）23.8英寸,https://item.jd.com/100039834445.html,3699.00,是,5000
"拍拍	
联想i3/i5/i7企业税控商务办公家用娱乐学习网课游戏设计全套台式电脑主机二手台式机套餐三：i5丨8G丨240G固态【单主机联想优选9成新",https://item.jd.com/51598017191.html,799.00,否,5000
戴尔（DELL）成就3890台式机电脑办公商用家用网课单主机【i5-1140016G512G固态定制】,https://item.jd.com/100044136995.html,3449.00,是,29.0
戴尔（DELL）OptiPlex7080升级7090MT十一代i7商用设计绘图渲染建模台式机电脑单主机（含键鼠）I7-11700/16G/1T+256G/4G独显,https://item.jd.com/29285639607.html,5799.00,否,5000
攀升商睿2代办公台式电脑11代i516G512GSSD,https://item.jd.com/100029889022.html,2599.00,是,20000.0
"拍拍	
铭速酷睿i7级i9级5600TX1660S显卡图吧设计直播游戏办公网课台式电脑主机组装机高端电脑套餐三i58G500G流畅独显主机",https://item.jd.com/46097845562.html,788.00,否,500
机械师（MACHENIKE）T90-T游戏台式机电脑电竞主机（i5-124008G512GSSDGTX1050Ti4GWin11三年上门）,https://item.jd.com/100017535227.html,3999.00,是,2000
惠普HP暗影精灵8台式电脑游戏台式机主机设计师电脑12代i5-12400FGTX1660S6G独显16G256GSSD+1T,https://item.jd.com/100018169545.html,5499.00,是,50000.0
华硕（ASUS）DIY整机12代G6900/G7400办公台式机主机企业采购组装电脑家用网课全套单主机配置一,https://item.jd.com/10036039191072.html,1699.00,否,1000
戴尔（DELL）chengming商用台式机家用网课办公电脑单主机G59058G256G固态定制,https://item.jd.com/100043399697.html,1899.00,是,100
英特尔i9升八核主机GTX1070独显直播吃鸡游戏电脑办公整机DIY组装二手台式机全套六：i9级高频加速+1060电竞吃鸡32曲面全套99新,https://item.jd.com/42896522967.html,2499.00,否,20000.0
联想(Lenovo)GeekPro2022设计师游戏台式电脑主机(12代i5-12400FGTX1650super16G512GSSD),https://item.jd.com/100018670771.html,5299.00,是,20000.0
铭能XS2180商务办公家用学习游戏台式电脑主机整机(英特尔酷睿i7+4G独显+16G+256G)23.8英寸曲面屏,https://item.jd.com/100042973105.html,1999.00,是,5000
联想(ThinkStation)P340塔式渲染工作站图形设计台式电脑主机i5-105003.1GHz6核/8G/1TBSATA/集显/300W,https://item.jd.com/100020311353.html,4999.00,是,100
浪潮英政CE520F国产台式机电脑主机定制FT-20004C/8G/256G/1G独显/23.8英寸显示器,https://item.jd.com/100038210726.html,6299.00,是,1.0
戴尔（DELL）成就3881商用办公台式电脑全套整机家用主机3710升级款外观单主机（含键盘鼠标）英特尔G64058G256G固态,https://item.jd.com/10058483299900.html,2299.00,否,5000
AOCAIO大师92623.8英寸高清办公台式一体机电脑(11代i5-11260H8G256G双频WiFi3年上门商务键鼠)黑,https://item.jd.com/100028200229.html,3049.00,是,20000.0
航向者i512400F/RTX2060/3060Ti永劫无间吃鸡游戏台式电脑主机DIY组装机全套套六水冷加强款：512G丨32G丨306012G,https://item.jd.com/10028332761786.html,3599.00,否,20000.0
微星（MSI）台式机I312100F/1660S/2060吃鸡电竞游戏组装台式电脑主机全套整机配置二12100F/480G/GTX1660S单主机,https://item.jd.com/10056932111802.html,3699.00,否,200
雷神（ThundeRobot）黑武士高配游戏电竞渲染台式电脑无显卡电脑主机12代I5|I7现货速发i5-12400+16G+512G【赛博朋克定制】,https://item.jd.com/10044961613531.html,4065.83,否,2000
华硕（ASUS）DIY整机12代i3/i512400办公游戏台式机主机家用网课商务组装全套电脑配置五(i512400+16G+512G)单主机,https://item.jd.com/10055829262094.html,3199.00,否,500
雷神（ThundeRobot）i5设计师游戏高端台式电脑主机在线教育12代处理器【办公专属】i5-12400+8G+1030,https://item.jd.com/10046640027703.html,3123.87,否,500
圣技仕迷你主机ITX微型小电脑mini台式酷睿四核商用办公家用娱乐便携HTPC云终端整机套餐一酷睿i3/2g内存/64g固态,https://item.jd.com/10037237798151.html,429.00,否,5000
航向者intel酷睿i7升十核/RTX2060S/1660S游戏吃鸡台式电脑主机DIY全套组装机套餐三i9级十核丨32G丨20606G独显,https://item.jd.com/10040206057448.html,2099.00,否,1000
"爱心东东	
狄派酷睿i9升十核/16G内存/1660S独显/台式机电脑主机整机全套组装家用电竞企业办公电脑主机+24英寸显示器配置四:十二核丨32G丨1T固态丨2060S",https://item.jd.com/10061289974039.html,4398.00,否,5000
华硕（ASUS）DIY整机12代i512400F游戏台式机主机企业采购办公设计组装电脑全套配置五(i512400F+GTX1660S)主机+27英寸显示器,https://item.jd.com/10039401025532.html,4649.00,否,5000
华硕（ASUS）华硕i5-10400/12400企业家用办公核显台式电脑主机商用电脑DIY组装机旗舰版（套餐三）升级12代,https://item.jd.com/10030523367129.html,2899.00,否,2000
ROG光刃G152022新款神光同步+侧透电竞游戏台式机电脑主机星空黑i7-12700RTX307016G1TBSSD+1TBHDD,https://item.jd.com/10045175939913.html,12499.00,否,200
亚当贝尔12代i712700F/RTX306012G电竞吃鸡游戏光追独显台式DIY组装电脑主机单主机+21.5英寸显示器i712700F/RTX306012G/32G,https://item.jd.com/10062235967410.html,6799.00,否,2.0
华硕（ASUS）DIY整机【未来者】12代i5-12400F/3060台式电脑电竞吃鸡游戏直播主机配置二i512400F/2060/16G内存主机+AOC27英寸显示器,https://item.jd.com/10055363551793.html,5699.00,否,500
戴尔（DELL）灵越3910新款12代i5-12400商用办公台式机电脑主机家用游戏设计整机单主机8G512G固态集显i5-12400定制版,https://item.jd.com/10047152349136.html,3999.00,否,50000.0
"拍拍	
酷睿i7i9级i5八核10代六核2060显卡游戏办公直播台式四核i3十代i5组装电脑主机游戏台式机i5650四核8G500G入门显卡套餐三送键盘鼠标",https://item.jd.com/31906927216.html,799.00,否,2000
铭能XS7650商务办公家用娱乐炒股游戏台式电脑主机整机(英特尔酷睿i5+8G+512G固态)23.8英寸曲面屏,https://item.jd.com/100038367265.html,1299.00,是,5000
"京品电脑	
京天DuelD56i5-12400F/GTX16504G/16GDDR4/1TBSSD/3年上门/台式吃鸡游戏组装电脑整机DIY主机UPC",https://item.jd.com/100031821930.html,3999.00,是,20000.0
雷索英特尔十二代酷睿i312100企业采购办公客服商用家用游戏台式电脑主机DIY组装机全套整机二：i312100丨8GDDR4丨256G,https://item.jd.com/10151049051.html,1699.00,否,10000.0
宏碁（Acer）商用办公台式机整机家用网课电脑主机12代i5-1240016G256GSSD+1T机械+23.8英寸显示器定制,https://item.jd.com/100028185867.html,3799.00,是,2000
华橙酷睿i5升酷睿i7八线程/GTX1660S6G吃鸡台式电脑主机DIY组装机全套游戏企业办公配置四畅玩吃鸡丨酷睿i7丨16G丨8G吃鸡独显主机+显示器,https://item.jd.com/10046247777844.html,1998.00,否,10000.0
AOC荣光910高性能商用办公台式机电脑主机（12代i5-1240016G512GSSD商务键鼠三年上门）,https://item.jd.com/100034732248.html,2999.00,是,10000.0
亚当贝尔电竞独显办公游戏迷你家用组装吃鸡台式机电脑主机整机电脑主机配置四（E5八核/16G/512G/旗舰显卡）,https://item.jd.com/23388780561.html,1680.00,否,50000.0
天虹酷睿i5十代台式机电脑主机家用游戏办公设计网课八核10605G独显组装电脑整机全套DIY电脑【套一】酷睿i3四线程/4G/128G台式主机,https://item.jd.com/10046671383018.html,499.00,否,500
英特尔酷睿i7十二核6G独显台式电脑主机吃鸡游戏商务办公设计绘图渲染学习上网课睿炽家用组装电脑全套套餐二：i7级十核｜16G｜512G｜流畅吃鸡主机+27英寸显示器,https://item.jd.com/10057308417127.html,2599.00,否,200
神舟HASEE新瑞E10十二代赛扬商用办公台式电脑主机(G69008GDDR4256GSSDWIN11),https://item.jd.com/100032427224.html,1699.00,是,5000
"拍拍	
联想M4350s/7150系列二手电脑台式机双核四核品牌机i3i5i7办公家用学习整机3】i5-2400s/4/128G/20寸/9成新",https://item.jd.com/10023509955427.html,868.00,否,200
宏碁（acer）酷睿12代i7-12700台式电脑办公商用游戏绘图设计整机家用电脑主机全套单主机电脑【办公进阶】12代G6900+12G+512G,https://item.jd.com/10055354360723.html,2388.00,否,2000
戴尔dell成就3710台式机电脑主机商用办公电脑整机(12代i3-121008G1TBWiFiWin11)21.5英寸,https://item.jd.com/100020387729.html,3399.00,是,100000.0
"拍拍	
联想台式电脑整机i3i5i7商务办公家用游戏娱乐主机显示器全套台式机整机二手台式机【15】i7/16G/740G送24全新曲面显示器亏本冲量免费试用三年...",https://item.jd.com/70936231820.html,1699.00,否,50000.0
联想（Lenovo）超能云终端商用办公台式机微型电脑mini小机箱ECC-T30J4125/8G/128GSSD,https://item.jd.com/100043884017.html,1965.00,是,0.0
简朵英特尔酷睿i5/十核/16G内存/RTX2060S办公企业家用游戏台式电脑主机全套DIY组装机特效游戏三》英特尔六核5640丨16G丨GT730标配,https://item.jd.com/10031347308104.html,695.00,否,20000.0
攀升商睿2Pro设计师办公商用台式电脑主机（12代酷睿i5-12400F16G256GSSD+2T4G独显WiFi6）,https://item.jd.com/100019732825.html,3899.00,是,20000.0
"京品电脑	
京天StrikeS50i5-10400F/GTX1660S/16GDDR4/512G台式组装吃鸡电脑游戏主机UPC",https://item.jd.com/4560045.html,3999.00,是,2000
航向者英特尔i5酷睿i7升八核/GTX16606G吃鸡台式电脑主机DIY组装整机全套游戏企业办公电脑主机+显示器套五intel八核丨16G丨8G吃鸡独显,https://item.jd.com/10049060717456.html,1898.00,否,100000.0
辉夏酷睿I9\/308012G电脑主机组装家用网吧LOL游戏直播电竞吃鸡主机设计办公台式电脑全套套餐三,https://item.jd.com/10041914573134.html,799.00,否,1000
AOC【2022年新品】28英寸4K一体机电脑酷睿12代电竞独显游戏家用办公设计渲染壁挂台式整机12代i5/32G/1TB/6G独显,https://item.jd.com/10054754801108.html,8499.00,否,100
联想台式机电脑可装Win7系统或Win10内置光驱i5-10400F16G内存1T机械+256G固态2G独显单主机定制版,https://item.jd.com/100032879251.html,4699.00,是,45.0
ROG光魔G10AMD锐龙R7神光同步+侧透电竞游戏台式机电脑主机黑色R7-5800XRTX306016GB1TBSSD+1TBHDD,https://item.jd.com/10044047222629.html,8299.00,否,87.0
"拍拍	
英特尔I7级六核独显GTX16606G游戏直播吃鸡全套办公主机DIY组装二手台式机电脑套餐三i7级六核/16G/750独显/高效LOL主机+显示器99新",https://item.jd.com/51432086253.html,1661.00,否,20000.0
将臣英特尔i9级十核GTX1660S6G直播电竞游戏电脑主机全套办公台式机家用设计师组装电脑整机配置三十核/306012G/32G/480G单主机,https://item.jd.com/10058190265248.html,3899.00,否,200
联想（Lenovo）Geekpro办公游戏台式机电脑主机(定制i7-12700F32G512G+1THDD独显12GRTX3060Win11),https://item.jd.com/100041104125.html,9399.00,是,8.0
联想（Lenovo）天逸510S7.4升小机箱个人商务家用台式机电脑12代酷睿i5-124008G内存512G固态23英寸,https://item.jd.com/10059670057183.html,4139.00,是,5000
联想（Lenovo）拯救者刃9000K水冷侧透|游戏电脑主机定制I9-12900K128G/2T+12T/公版RTX309024GB,https://item.jd.com/100034704937.html,43089.00,是,0.0
宏碁(Acer)台式电脑办公商用迷你主机家用整机全套(12代i5-1240016G256G+1T)商祺X4270680A23.8英寸,https://item.jd.com/100019442995.html,4099.00,是,2000
"京品电脑	
惠普HP暗影精灵8台式电脑游戏台式机主机侧透12代i7-12700FRTX30708G独显16G512G+1T全面版",https://item.jd.com/100034170578.html,9699.00,是,50000.0
亚当贝尔英特尔酷睿i7/独显/16G家用办公电竞游戏吃鸡设计师炒股组装台式电脑主机整机全套主机+27英寸电竞显示器配置四：酷睿i7/GTX1660S6G/16G,https://item.jd.com/10037070161518.html,3999.00,否,20000.0
机械师（MACHENIKE）T90-T设计师游戏台式电脑电竞主机（i5-1240016G512GSSDGT10304G显存三年上门）,https://item.jd.com/100027699835.html,3699.00,是,2000
航向者酷睿i5升i7/GTX1660S/2060S家用电竞游戏办公企业台式电脑主机DIY组装机全套套三酷睿i5丨16G丨5808G独显,https://item.jd.com/10049072649550.html,1469.00,否,41.0
"拍拍	
英特尔i9升八核主机GTX1070独显直播吃鸡游戏电脑办公整机DIY组装二手台式机全套一：酷睿i5（千元游戏办公全套）全套99新",https://item.jd.com/44108328240.html,1099.00,否,20000.0
联想Lenovo扬天商用办公电脑整机台式机家用台机M4000q锐龙R58G512G,https://item.jd.com/10057853041066.html,3299.00,否,64.0
"拍拍	
苹果（Apple）imac二手苹果一体机主机21.5/27英寸超薄办公设计家用娱乐游戏台式机电脑95新主推丨508-8G/256G固态21.5英寸",https://item.jd.com/10026332566185.html,2069.00,否,10000.0
联想(Lenovo)天逸510S英特尔酷睿i3个人商务台式机电脑整机(12代i3-121008G1THDDwin11)21.45英寸,https://item.jd.com/100019676411.html,3199.00,是,100000.0
"爱心东东	
天钡MN37AMD锐龙R7台式机电脑迷你游戏小主机4K三显工控天宝家用办公超微型桌面迷你pcR7-3750H/DIY版【无硬盘无内存】",https://item.jd.com/67655511726.html,1498.00,否,500
联想(Lenovo)天逸510S英特尔酷睿i5个人商务台式机电脑整机(12代i5-1240016G512GSSDwin11)23英寸,https://item.jd.com/100039568404.html,4199.00,是,100000.0
康佳（KONKA）电脑个人商用办公台式机电脑主机（11代4核N50958G256GSSD）,https://item.jd.com/100032989929.html,898.00,是,500
攀升（IPASON）商逸台式机12代酷睿i5商用办公设计家用游戏台式电脑主机整机【2022款】酷睿i5-1240016G512(NVme),https://item.jd.com/10058592166008.html,2699.00,是,500
宁美国度龙魂i512400F/RTX3050/3060/Ti台式机组装电脑主机游戏台式电脑整机i512400F+GTX1660S16G/500G,https://item.jd.com/10048194196594.html,5088.00,否,20000.0
七彩虹（Colorful）i512400F/12490FRTX3060/Ti台式组装电脑主机配置一：i512400/核显/8G/256G,https://item.jd.com/10059523896827.html,2599.00,否,27.0
攀升商悦设计师办公商用台式电脑整机（i7-12700F16G512G+2T4G独显WiFi63年上门）单主机diy组装机全套,https://item.jd.com/100028382333.html,5499.00,是,20000.0
台式电脑英特尔i5i7八核独显GTX1070游戏吃鸡家用办公设计组装二手台式机套餐二【酷睿i7/16G/240G/独显/24寸】全套99成新,https://item.jd.com/10050885856405.html,2199.00,否,500
航向者英特尔i5酷睿i7升八核/GTX16606G吃鸡台式电脑主机DIY组装整机全套游戏企业办公电脑主机+显示器套四intel八核丨16G丨7404G独显,https://item.jd.com/11930425330.html,1698.00,否,100000.0
航向者英特尔i5酷睿i7升八核/GTX16606G吃鸡台式电脑主机DIY组装整机全套游戏企业办公电脑主机+显示器套三intel六核丨16G丨4G游戏独显,https://item.jd.com/11930425327.html,1498.00,否,100000.0
航向者英特尔i5酷睿i7升八核/GTX16606G吃鸡台式电脑主机DIY组装整机全套游戏企业办公电脑主机+显示器套六intel八核丨16G丨1660S6G独显,https://item.jd.com/10040737626152.html,2198.00,否,100000.0
七彩虹（Colorful）iGameSigmaM380II赤刃2水冷游戏台式电脑主机（12代i5-1240016G500GnvmeRTX3050）,https://item.jd.com/100021039597.html,5599.00,是,5000
"爱心东东	
英特尔酷睿i7-11800八核RTX2060S独显卡电竞游戏家用办公设计渲染领睿台式主机组装电脑全套单主机套餐一酷睿i5六核/8G内存/256G硬盘",https://item.jd.com/10055262902617.html,2499.00,否,200
神舟(HASEE)新锐T30B一体机台式电脑23.8黑色（Intel四核J3710win78G256GWIFI键鼠）,https://item.jd.com/100011916673.html,1488.00,是,500
联想(Lenovo)天逸510Pro个人商务台式机电脑整机(12代i7-12700F16G1T+256GMAX100独显)23英寸,https://item.jd.com/100033293837.html,7099.00,是,20000.0
"京品电脑	
联想(Lenovo)天逸510S个人商务台式机电脑整机(12代i5-12400 16G1T+256GSSDwifiwin11)单主机",https://item.jd.com/100031315632.html,3799.00,是,50000.0
京天DuelD536i5-12400F/RTX306012G/16G/500G/B660/3年上门台式吃鸡游戏组装电脑整机DIY主机UPC,https://item.jd.com/100031821874.html,6199.00,是,20000.0
绿蛇英特尔i3/i5酷睿i7升四核/R7350/LOL台式电脑主机DIY组装机游戏企业办公设计套餐一,https://item.jd.com/10044189431884.html,599.00,否,500
酷耶（Cooyes）八核游戏16G台式机电脑主机整机全套组装家用电竞企业办公套餐一(i5四核+GT730独显)+显示器,https://item.jd.com/12784088653.html,2198.00,否,100000.0
鑫锐i712700/i9/RTX3060/70吃鸡游戏电竞直播水冷台式DIY组装电脑主机全套套七-十一代i9-RTX3070丨32G丨27寸,https://item.jd.com/10038480152963.html,6699.00,否,20000.0
航向者i510400F/八核/GTX1660S6G电竞游戏吃鸡办公台式电脑主机DIY组装机全套,https://item.jd.com/10162122906.html,1999.00,否,2000
宁美国度龙魂i512400F/RTX3050/3060/Ti台式机组装电脑主机游戏台式电脑整机i510400F+GTX1660S16G/500G,https://item.jd.com/17355053604.html,4188.00,否,20000.0
武极武神A1AMD锐龙55600电竞游戏台式组装电脑主机整机DIY组装机配置四：R55600+RTX3060推荐主机,https://item.jd.com/10051902133342.html,5168.00,否,1000
ROG光魔G15AMD锐龙R7神光同步+侧透电竞游戏台式机电脑主机黑色R7-5800XRTX306016GB1TBSSD+1TBHDD,https://item.jd.com/10044048593448.html,8799.00,否,100
铭能XS2180电竞吃鸡游戏设计光追独显台式电脑主机整机(英特尔酷睿i7+RTX2060S8G独显+16G+256G固态),https://item.jd.com/100043293191.html,2799.00,是,0.0
华硕（ASUS）DIY整机i512400F/GTX1660S台式机27英寸显示器游戏组装电脑主机一【i510400F+RX5504G】单主机,https://item.jd.com/10049801148720.html,3099.00,否,100
机械师（MACHENIKE）未来战舰II代游戏台式机电脑电竞设计主机（12代i5-1240016G512GSSDRTX3050Win11）,https://item.jd.com/100032917936.html,5698.00,是,2000
攀升（IPASON）战神酷睿i5/16G设计电竞游戏台式电脑主机整机NVMe固态【2022款】十代i5GTX165016G512G,https://item.jd.com/10059988794164.html,3399.00,是,1000
机械师（MACHENIKE）创物者MII代设计主机商用办公台式机电脑（12代i5-1240016G512GSSDGT7304G独显）,https://item.jd.com/100017648291.html,3499.99,是,5000
航向者i512400F/RTX2060/3060Ti永劫无间吃鸡游戏台式电脑主机DIY组装机全套套二加强款：512G固态丨16G丨1660S6G,https://item.jd.com/13307356724.html,2399.00,否,20000.0
华硕（ASUS）DIY整机12代i3/i512400办公游戏台式机主机家用网课商务组装全套电脑配置五(i512400+16G+512G)主机+23.8英寸显示器,https://item.jd.com/10055829262095.html,3699.00,否,500
戴尔（DELL）成就3681台式机办公电脑迷你主机全套整机商用家用小机箱3710同款G64058G256G固态+21.5英寸显示器定制带键盘鼠标,https://item.jd.com/10044101207358.html,2749.00,否,2000
"爱心东东	
狄派酷睿i9升十核/16G内存/1660S独显/台式机电脑主机整机全套组装家用电竞企业办公电脑主机+27英寸显示器配置二:十核丨512G丨GTX1660S独显",https://item.jd.com/10061289974041.html,3298.00,否,5000
酷耶（Cooyes）八核游戏16G台式机电脑主机整机全套组装家用电竞企业办公套餐二(十核+GTX1650)+显示器,https://item.jd.com/17651966214.html,2798.00,否,100000.0
雷神(ThundeRobot)黑武士5Shark水冷游戏台式电脑电竞主机(13代i7-13700K32GRTX40801TSSD+4T360水冷),https://item.jd.com/100046621123.html,22998.00,是,20000.0
宏碁(Acer)设计师游戏旗舰办公台式机电脑单主机(i5-11400F16G512GGTX1660S-6G独显冷排散热)定制,https://item.jd.com/100022546095.html,4499.00,是,1000
联想（Lenovo）来酷LecooAIO一体机办公家用商用台式机电脑23.8英寸全高清屏赛扬J41258G256G固态无线键鼠,https://item.jd.com/71824509564.html,1899.00,是,10000.0
鑫锐i712700/i9/RTX3060/70吃鸡游戏电竞直播水冷台式DIY组装电脑主机全套套七-十一代i9-RTX3070丨32G丨27寸,https://item.jd.com/10038480152963.html,6699.00,否,20000.0
M01台式电脑家用迷你十二代英特尔酷睿i3/i5/i7主机商用家用办公台式全套电脑主机【单主机】企业采购（含原装键盘鼠标）【黑色钜惠款】G5905/4G/1T,https://item.jd.com/10049230205873.html,2009.00,否,200
紫客酷睿/独立显卡上网课LOL/CF直播主播家用模拟器多开办公组装吃鸡游戏台式电脑主机全套【推荐吃鸡】i9级十核/512G/4G独显+24曲,https://item.jd.com/65261474046.html,2799.00,否,10000.0
宏硕（hongshuo）英特尔16G内存/独立显卡/台式机电脑主机家用游戏办公组装电脑整机全套套餐三酷睿i7丨16G丨512G丨1660S6G,https://item.jd.com/60090120653.html,2480.00,否,50000.0
航天七0六天熠TR11A2商用办公台式机电脑主机（龙芯3A5000/8GB/256G/1G独显/200W/23.8英寸）,https://item.jd.com/100033717093.html,6200.00,是,0.0
邪手MOD水冷i712700KF/3090/3080TiROG游戏台式电脑主机/DIY组装机配置升级包,https://item.jd.com/10064852800788.html,100.00,否,200
联想（Lenovo）扬天W4900os（M4000o升级款）【可改win7】商用办公财务税控电脑整机主机+23.8英寸高清显示器标配：i5-104008G内存1T机械,https://item.jd.com/10058596015588.html,3999.00,否,1000
华硕（ASUS）12代i5-12400Fdiy电竞游戏设计台式电脑主机高配家用直播整机12400F/RTX3060/500GSSD,https://item.jd.com/10047943143826.html,7099.00,否,2000
京天StrikeS46i5-12490F/RTX30508G/16GDDR4/500GNVMe台式吃鸡组装电脑电竞游戏主机UPC,https://item.jd.com/100017372402.html,5499.00,是,20000.0
"京品电脑	
雷神(ThundeRobot)黑武士4+水冷游戏台式电脑电竞主机(12代i7-1270016GRTX3060Ti512GSSDP4无线充电)",https://item.jd.com/100031445798.html,8998.00,是,20000.0
惠普(HP)战99微边框商用一体机台式电脑23.8英寸(12代酷睿i5-1250016G512GSSDWiFi蓝牙Win11Office),https://item.jd.com/100035906754.html,4799.00,是,10000.0
酷开创维电脑智享系列台式电脑商务办公家用主机（酷睿i5-104008G256G全国联保）,https://item.jd.com/100030782576.html,2199.00,是,20000.0
联想（Lenovo）GeekPro2022新品设计师游戏办公台式电脑主机12代i5-12400F16G512GGTX1650S-4G标配单主机无显示器,https://item.jd.com/66965378520.html,5499.00,否,500
外星人ALIENWARER14水冷电竞游戏高端台式机R516G512GRTX3050办公台式机9152B,https://item.jd.com/100043933119.html,11969.00,是,500
惠普(HP)战66办公台式机商用小机箱电脑主机(12代i3-121008G1TBWiFi蓝牙Win11Office)23.8英寸显示器,https://item.jd.com/100024222049.html,3097.00,是,20000.0
"京品电脑	
酷开创维电脑办公商用台式机电脑整机（AMD八核A98G256GSSD商务键鼠全国联保）23.8英寸显示器",https://item.jd.com/100023048736.html,1399.00,是,20000.0
戴尔（DELL）成就3910台式机12代12核i7-12700设计渲染游戏办公商用家用主机整机定制单主机(无显示器)i7-1270016G1T256G核显定制,https://item.jd.com/72027556784.html,5549.00,否,2000
惠普(HP)战99商用办公电脑台式主机(12代i5-1250016G512GSSDRX64004G独显WiFi蓝牙Win11Office),https://item.jd.com/100022309143.html,4797.00,是,10000.0
Dongtintech东田工控机酷睿10代兼容研华工业自动化推荐设备5PCI5个COM口工业电脑主机DT-610L-JH410MAI710700/16G/1T*2/raid,https://item.jd.com/10042183389212.html,9974.00,否,100
"爱心东东	
【英特尔二十核酷睿i7独显】台式机电脑主机电竞游戏吃鸡家用商务办公设计师渲染编程组装电脑领睿整机全套主机+27寸显示器套餐六：十六核强芯/...",https://item.jd.com/10045275858449.html,4699.00,否,1000
雷神(ThundeRobot)黑武士4+宫里的世界联名水冷游戏台式电脑电竞主机(i7-1270016G1TSSD750W无线充电),https://item.jd.com/100023926097.html,5998.00,是,20000.0
"京品电脑	
攀升商睿2代办公商用家用台式电脑主机（10代i3-101058G256G商务键鼠3年上门）",https://item.jd.com/100013273460.html,1799.00,是,20000.0
邪手水冷i712700F/3060/Ti/3070华硕组装电脑/游戏台式电脑主机DIY组装机i712700KF+华硕3070+三星1TB固态,https://item.jd.com/10065754953249.html,9288.00,否,5000
航向者i512400F/RTX2060/3060Ti永劫无间吃鸡游戏台式电脑主机DIY组装机全套套一加强款：512G固态丨16G丨5808G,https://item.jd.com/13307356725.html,2099.00,否,20000.0
联想电脑台式机英特尔i3i5i7独显家用游戏商务办公设计二手台式机全套9成新套餐三【A63008G620G双硬盘送20寸】,https://item.jd.com/61926533695.html,899.00,否,10000.0
华硕（ASUS）12700F/RTX3060/RTX3070Ti电竞光追台式电脑主机DIY组装机标准版,https://item.jd.com/57800152225.html,6599.00,否,500
雷神(ThundeRobot)黑武士5Shark水冷游戏台式电脑电竞主机(13代i7-13700K32GRTX3070Ti1TSSD360水冷),https://item.jd.com/100040025737.html,14998.00,是,20000.0
机械师（MACHENIKE）台式机i512400F/3060电竞游戏设计台式电脑主机DIY整机配置四i512400F/RTX3060/16G单主机,https://item.jd.com/10056068707666.html,5999.00,否,500
雷索i512490F/11800/RTX3060Ti吃鸡游戏直播台式组装电脑主机DIY机全套整机套五加强款：3060Ti8G丨16G丨512G,https://item.jd.com/10044182067533.html,4099.00,否,2000
微星(MSI)Cubi510M商用办公学习电脑迷你台式机微型电脑主机处理器i5-10210U8G+256G黑色,https://item.jd.com/100035240439.html,2999.00,是,6.0
酷开创维电脑办公商用台式电脑主机（AMD八核A98G256GSSD全国联保）,https://item.jd.com/100021367618.html,998.00,是,50000.0
宏碁（Acer）设计师游戏家用办公组装水冷台式电脑单主机（i5-11400F16G512G+1T3060Ti冷排散热）定制,https://item.jd.com/100043098527.html,6099.00,是,1.0
宁美国度魂游戏台式机电脑主机（i510400FRTX2060s16G512G固态）三年上门,https://item.jd.com/100012450714.html,4488.90,是,2000
宁美国度CR80商用mini办公台式机电脑主机（N5105/8G/256G固态送键鼠）迷你主机电脑,https://item.jd.com/100031259096.html,1499.00,是,2000
戴尔（DELL）成就3681商务办公迷你台式机电脑主机家用网课整机全套单主机含键鼠套装（预装Windows家庭版系统）i3-101058G内存256G固态升级款,https://item.jd.com/10035689494781.html,2499.00,否,5000
"爱心东东	
【英特尔二十核酷睿i7独显】台式机电脑主机电竞游戏吃鸡家用商务办公设计师渲染编程组装电脑领睿整机全套主机+24寸显示器套餐二：八核强芯/16g...",https://item.jd.com/10045275858439.html,2499.00,否,1000
AOCAIO大师92623.8英寸高清办公台式一体机电脑(11代i5-11260H8G512G双频WiFi商务键鼠)黑,https://item.jd.com/100028200219.html,2999.00,是,20000.0
"爱心东东	
启稚英特尔十核RTX3060独显大容量1T固态办公游戏家用组装吃鸡台式机电脑主机水冷整机全套套餐五：十二核+32G/1T/2060S光追特效主机+32英寸显示器",https://item.jd.com/10055406984028.html,4188.00,否,10000.0
"爱心东东	
【英特尔二十核酷睿i7独显】台式机电脑主机电竞游戏吃鸡家用商务办公设计师渲染编程组装电脑领睿整机全套主机+27寸显示器套餐三：十核强芯/32g...",https://item.jd.com/10045275858446.html,3099.00,否,1000
宁美国度CR160魔方迷你电脑家用办公台式机主机(四核J41256G128GWIFI),https://item.jd.com/100017402778.html,1299.00,是,2000
戴尔（DELL）成就3881\/3890商用办公台式电脑主机游戏台式机整机家用娱乐财务主机+21.5英寸显示器G64058G256G固态核显定制,https://item.jd.com/10033199215753.html,2849.00,否,2000
长城凌云DHC88办公商用台式电脑主机(AMD八核处理器A9-9820/8G/512G上门服务),https://item.jd.com/100025041604.html,1199.00,是,5000
神舟（HASEE）新瑞X50酷睿十二代商用办公台式电脑主机(i5-124008G512GSSDwin11键鼠),https://item.jd.com/100033503872.html,2699.00,是,5000
青聪i510400F/12400F/RTX3060/1660S吃鸡游戏台式电脑主机DIY组装机配置二i510400F丨256G丨8G吃鸡独显,https://item.jd.com/30221803411.html,2169.00,否,20000.0
"爱心东东	
天钡MN37AMD锐龙R7台式机电脑迷你游戏小主机4K三显工控天宝家用办公超微型桌面迷你pcR7-3750H/8G内存/128G高速盘",https://item.jd.com/67655511727.html,1698.00,否,500
航向者英特尔i5酷睿i7升八核/GTX16606G吃鸡台式电脑主机DIY组装整机全套游戏企业办公电脑主机+显示器套二intel六核丨16G丨GT游戏独显,https://item.jd.com/10022431622846.html,1198.00,否,100000.0
雷神(ThundeRobot)黑武士4+水冷游戏台式电脑电竞主机(12代i7-1270032GRTX3070Ti512GSSD+2T无线充电),https://item.jd.com/100020824655.html,11398.00,是,20000.0
戴尔（DELL）成就3681台式机办公电脑迷你主机全套整机商用家用小机箱3710同款G64058G256G固态+21.5英寸显示器定制带键盘鼠标,https://item.jd.com/10044101207358.html,2749.00,否,2000
联想(Lenovo)拯救者刃7000K2023英特尔酷睿i5游戏电脑主机(13代i5-13600KFRTX3060Ti8GB显卡16GDDR5),https://item.jd.com/100043033739.html,9299.00,是,20000.0
神舟（HASEE）新瑞X35酷睿十二代商用办公台式电脑主机(i5-124008G512GGT7302G独显win11键鼠),https://item.jd.com/100033503874.html,2999.00,是,5000
攀升G2设计师电竞游戏台式电脑主机（12代i5-12400FRTX305016G512G三年上门WiFi）,https://item.jd.com/100018192143.html,4999.00,是,2000
亚当贝尔电竞独显办公游戏迷你家用组装吃鸡台式机电脑主机整机主机+32英寸曲面显示器配置五（E5十核+GTX1660S吃鸡）,https://item.jd.com/57166599466.html,3580.00,否,50000.0
惠普HP暗影精灵8台式电脑游戏台式机主机侧透12代i7-12700FRTX30708G独显16G1TSSD全面版,https://item.jd.com/100019359051.html,9999.00,是,50000.0
雷神（ThundeRobot）黑武士高配游戏电竞渲染台式电脑无显卡电脑主机12代I5|I7现货速发i5-12400+16G+512G【600w水冷】,https://item.jd.com/10043453845223.html,3998.99,否,2000
航向者酷睿i512400F/RTX2070永劫无间吃鸡游戏办公台式电脑主机DIY组装机全套整机主机+显示器套四i510400F丨16G丨20708G,https://item.jd.com/22203394919.html,3268.00,否,5000
宁美国度迷你mini小主机家用商用办公ITX台式电脑主机（i51240016G512G+1T送键鼠）,https://item.jd.com/100034011637.html,3489.99,是,2000
"京品电脑	
攀升战境S612代i512490F/RTX3060设计师电竞游戏台式电脑主机全套diy组装整机配置五【i5-12490FRTX3060Ti】",https://item.jd.com/10058336700416.html,6599.00,否,20000.0
京天疾影Y77i5-13600KF/RTX306012G/B660WiFi6/16GDDR5/500G固态台式组装电脑吃鸡游戏主机UPC,https://item.jd.com/100009131763.html,8399.00,是,2000
华为HUAWEIMateStationB515PUL-WDH9A(AMDR5-4600G处理器8GB+1TBHDD)商用（黑色）单主机普通键盘,https://item.jd.com/100023578284.html,3799.00,是,200
"爱心东东	
昂福镭仕酷睿i711代吃鸡LOL直播电竞游戏多开独显台式电脑组装机设计师家用商用办公主机整机主机+24英寸显示器套三:十六核/16G/512G/1650电竞显卡",https://item.jd.com/10061319092401.html,3499.00,否,100
微星（MSI）台式机i512400F/RTX3060Ti直播吃鸡游戏组装台式电脑主机全套整机二i512400F/30608G支持盒装单主机,https://item.jd.com/10052386755621.html,5499.00,否,500
清华同方超越E300商用办公台式机电脑i3-12100/8G/1T/集显/主机+21.5英寸显示器/定制,https://item.jd.com/100045483579.html,2799.00,是,0.0
"拍拍	
【二手9成新】联想台式机商用/家用/办公电脑主机i3i5i7二手主机/二手电脑/二手品牌电脑套餐18:双核/4G/120G固态开机只需要15秒",https://item.jd.com/37768121158.html,347.00,否,20000.0
武极武神12代i512490F/华硕RTX3060电竞游戏台式组装电脑主机整机DIY组装机配置三：i512490F+RTX30608G单主机,https://item.jd.com/10043826088569.html,6099.00,否,10000.0
天玥TR1192商用办公台式机（龙芯3A4000/4核/8G/256GSSD+1THDD/1G独显/23.8英寸）A,https://item.jd.com/100021111453.html,5300.00,是,1.0
将臣英特尔i9级十核GTX1660S6G直播电竞游戏电脑主机全套办公台式机家用设计师组装电脑整机配置一十核/1660S6G/32G/480G单主机,https://item.jd.com/10058190265242.html,2299.00,否,200
航向者intel酷睿i7升十核/RTX2060S/1660S游戏吃鸡台式电脑主机DIY全套组装机套餐四i9级十核丨32G丨20708G独显,https://item.jd.com/10040206057449.html,2499.00,否,1000
京天华盛i510400F/GTX1650永劫无间diy吃鸡游戏台式机组装电脑主机,https://item.jd.com/17202140272.html,3199.00,否,10000.0
联想(Lenovo)小新一体台式机电脑27英寸(锐龙5-5500U16G512GSSD摄像头win11)白,https://item.jd.com/100039579449.html,4199.00,是,10000.0
戴尔（DELL）OptiPlex7000MT戴尔台式机商用办公12代酷睿i7设计主机建模台式电脑单主机（含键盘鼠标）i7-12700/8G/1T机械/集显,https://item.jd.com/44952052541.html,5399.00,否,2000
联想（Lenovo）来酷个人商务办公台式机电脑8升主机赛扬N50958G256G固态单主机,https://item.jd.com/60326162393.html,1199.00,是,10000.0
攀升商睿2Pro设计师办公商用台式电脑主机（12代酷睿i7-12700F16G512GSSD+2T4G独显Wifi6）,https://item.jd.com/100018192147.html,5399.00,是,20000.0
酷开创维电脑智享系列办公商用台式机电脑酷睿i3主机（i3-101008G256G全国联保）,https://item.jd.com/100023183470.html,1699.00,是,20000.0
微星（MSI）12代i5-12400Fdiy电竞游戏设计台式电脑主机高配家用直播全套整机配置二i512400F/1660/16G单主机,https://item.jd.com/10058650155551.html,4099.00,否,500
康佳（KONKA）电脑家用办公电脑商务台式机电脑主机（AMD八核A98G512GSSDwifi）,https://item.jd.com/100032989903.html,1199.00,是,2000
联想(Lenovo)台式机电脑主机扬天M4000q英特尔酷睿i3(i3-121008G1TType-CWin11)21.45英寸整机,https://item.jd.com/100033060804.html,3097.00,是,20000.0
联想台式机电脑可装Win7系统i7-12700F64G2T机械+1T固态硬盘RTX3080-10G独显27英寸2K分辨率定制版,https://item.jd.com/100028464821.html,21099.00,是,1.0
技嘉（GIGABYTE）i512400F/GTX1660S电竞游戏台式机组装电脑主机DIY组装机配置四i5-12400F+RTX3060单主机,https://item.jd.com/10055058936787.html,5749.00,否,1000
宏碁（acer）酷睿12代i7-12700台式电脑办公商用游戏绘图设计整机家用电脑主机全套单主机电脑英特尔|12代G6900+16G+256GSSD,https://item.jd.com/10055354360722.html,2198.00,否,2000
七彩虹（COLORFUL）iGameM380品牌整机电竞游戏直播设计师台式电脑主机高性能3060推荐级i512400+30608G风冷16G内存500GNVME固态官方标配,https://item.jd.com/10055869187618.html,6099.00,否,1000
酷耶（Cooyes）12代i512400F六核RTX3060电竞游戏台式机电脑主机组装整机套餐三(12400F+RTX3060)+显示器,https://item.jd.com/10061288142385.html,4598.00,否,1000
外星人ALIENWARER13水冷电竞游戏高端台式机第12代i716G512G+1TRTX3060Ti办公台式机9665TW,https://item.jd.com/100035451550.html,16969.00,是,500
七彩虹（Colorful）iGameM600幻境之眼水冷游戏台式电脑主机设计师办公工作站i5-1240016G500G固态官方标配RTX3050-8G独显,https://item.jd.com/10061729265937.html,6299.00,否,200
酷开创维电脑23.8英寸办公商用家用娱乐一体机台式电脑（AMD-71008G256G内置WIFI键鼠套装）,https://item.jd.com/100025663770.html,1499.00,是,20000.0
【2022款英特尔酷睿i7台式主机】【次日达】宏硕电脑,https://item.jd.com/10026293548473.html,1299.00,否,10000.0
戴尔dell成就3710办公电脑商用台式机小机箱电脑单主机(i5-1240032G2T+512G2G独显WiFi)定制K,https://item.jd.com/100030708595.html,4899.00,是,1.0
京天华盛灵致503商用台式机电脑整机（i5-1240016G512GM.2wifiwin11商务键鼠三年上门）单主机,https://item.jd.com/100021943872.html,2699.00,是,2000
神舟（HASEE）战神K4A5十二代设计师游戏台式电脑主机（i5-124008G512GRX5504G独显WIN11）,https://item.jd.com/100038199086.html,3299.00,是,5000
清华同方（THTF）超扬A8500商用办公台式电脑主机(12代i5-1240016G256G+1T五年上门内置WIFI),https://item.jd.com/100038595752.html,3398.00,是,2000
联想（Lenovo）天逸510Pro锐龙版商务办公家用网课台式电脑WIFI店长推荐|R716G512G固态单主机,https://item.jd.com/10041733376616.html,3699.00,是,20000.0
宏碁（acer）酷睿12代i7-12700台式电脑办公商用游戏绘图设计整机家用电脑主机全套单主机电脑英特尔|12代G6900+16G+256GSSD,https://item.jd.com/10055354360722.html,2198.00,否,2000
华硕(ASUS)PN64商用办公家用mini迷你主机台式机NUC微型小机箱电脑(12代i7-12700H16G512GWiFi6Win11),https://item.jd.com/100034011645.html,5799.00,是,20000.0
华硕（ASUS）12700F/RTX3070/3080/90海景房3A直播台式组装电脑/DIY主机海景房一：12700F+3070,https://item.jd.com/10043825695910.html,8699.00,否,500
联想ThinkCentreneoP600商用设计师游戏台式电脑主机(英特尔酷睿i7-1270016G512GGTX1660SP6G独显),https://item.jd.com/100021653895.html,6799.00,是,2000
联想（Lenovo）启天M420英特尔酷睿i7个人商务台式机电脑整机(8代i7-87008G1T2G独显win10)单主机,https://item.jd.com/100046422427.html,4549.00,是,6.0
"京品电脑	
攀升战境S612代i512490F/RTX3060设计师电竞游戏台式电脑主机全套diy组装整机配置一【i5-12490FGTX1660S】",https://item.jd.com/10024475397220.html,4599.00,否,20000.0
【2022款英特尔酷睿i7台式主机】【次日达】宏硕电脑,https://item.jd.com/10026293548473.html,1299.00,否,10000.0
捷硕（JIESHUO）酷睿i7/i9级12核/RTX2080TI吃鸡游戏办公组装机台式电脑主机全套电脑主机套四/i9级10核+GTX1660S+16G内存,https://item.jd.com/10045483908999.html,1599.00,否,20000.0
戴尔（DELL）7000MFF微型台式电脑mini迷你商用办公台式机7090升级12代单主机i9-12900T16G1TSSD定制,https://item.jd.com/100035966441.html,7029.00,是,92.0
AOC荣光910高性能商用办公台式机电脑主机（12代i3-121008G256GSSD商务键鼠三年上门）,https://item.jd.com/100038199094.html,2299.00,是,10000.0
酷开创维电脑战神系列娱乐独显台式电脑主机（AMDX4-8408G512GGT730-2G独显）,https://item.jd.com/100025041588.html,1698.00,是,50000.0
宏碁(Acer)商用办公台式机电脑家用网课电脑单主机(英特尔G590516G256G固态+1TB机械集显定制)含键鼠,https://item.jd.com/100033372549.html,1999.00,是,200
联想（Lenovo）低蓝光不闪屏护眼认证家用商用办公液晶台式机显示器V202519.5英寸（VGA接口）,https://item.jd.com/69843667828.html,499.00,否,5000
酷开创维电脑智享系列12代酷睿商用办公家用台式电脑主机(酷睿i5-1240016G512GSSD),https://item.jd.com/100039057820.html,2799.00,是,20000.0
亚当贝尔英特尔酷睿i7/独显/16G家用办公电竞游戏吃鸡设计师炒股组装台式电脑主机整机全套主机+27英寸电竞显示器配置三：酷睿i7/1050Ti/16G/512G,https://item.jd.com/10028224970399.html,2599.00,否,20000.0
"拍拍	
联想i3/i5/i7企业税控商务办公家用娱乐学习网课游戏设计全套台式电脑主机二手台式机套餐四：i5丨8G丨620G双盘【送22寸高清联想优选9成新",https://item.jd.com/51598017192.html,1098.00,否,5000
微星(MSI)海皇戟AS迷你台式机游戏台式电脑电脑主机(12代酷睿i7-12700F16GRTX306012G独显1TSSD),https://item.jd.com/100037913846.html,8499.90,是,1000
"京品电脑	
宏碁(Acer)商祺SQX4270660N英特尔酷睿i5商用办公台式整机家用电脑（十一代i5-114008G1T）23.8英寸",https://item.jd.com/100021137506.html,3368.00,是,20000.0
亚当贝尔英特尔酷睿i7/独显/16G家用办公电竞游戏吃鸡设计师炒股组装台式电脑主机整机全套主机+24英寸高清显示器配置二：酷睿i7/4G游戏独显/16G/512G,https://item.jd.com/10028224970394.html,2180.00,否,20000.0
亚当贝尔酷睿i7/i9级十核/电竞独显/台式机电脑主机家用游戏办公组装电脑整机全套主机+27英寸电竞显示器配置二：酷睿i7/16G/306012G独显,https://item.jd.com/30240147161.html,4699.00,否,20000.0
宏碁(Acer)商祺SQX4270140N商用办公台式电脑整机家用电脑（十代G59054G1T三年上门）23.8英寸,https://item.jd.com/100010730765.html,2238.00,是,5000
华橙高颜值海景房i512400F/RTX3060Ti永劫吃鸡游戏台式组装电脑主机DIY组装机全套配置二电竞款十核丨32G丨1660Ti6G,https://item.jd.com/32161323307.html,2369.00,否,5000
攀升E05G5905赛扬双核/8G内存/H510/250GSSD/商务键鼠/家用办公企业采购台式主机组装电脑京东UPC,https://item.jd.com/100020941276.html,1299.00,是,20000.0
机械师（MACHENIKE）未来战舰III代游戏台式机电竞电脑主机（13代i9-13900K64G1TSSD+2TRTX4090）360水冷,https://item.jd.com/100040911415.html,32999.00,是,2000
机械师（MACHENIKE）T90-T游戏台式机电脑电竞主机（12代i5-124008G512GSSDGTX16504GWin11三年上门）,https://item.jd.com/100017535217.html,4399.00,是,2000
"拍拍	
英特尔I7级六核独显GTX16606G游戏直播吃鸡全套办公主机DIY组装二手台式机电脑六i9级十二线/32G/GTX16606G网咖主机+显示器99新",https://item.jd.com/58558411260.html,2399.00,否,20000.0
雷索i510400F/12400F/RTX3070/1660S游戏台式电脑主机DIY组装整机全套套三i510400F丨16G丨1660S6G,https://item.jd.com/10028261793401.html,2599.00,否,5000
戴尔（DELL）成就3881台式机电脑办公商用家用网课单主机【G64058G256G固态定制】,https://item.jd.com/100044708851.html,2099.00,是,7.0
武极星旗i7游戏组装电脑直播设计台式机主机整机可选全套10代I710700FGTX16508G,https://item.jd.com/10040951258539.html,4488.00,是,200
攀升商睿2代办公商用家用台式主机电脑整机（AMD锐龙5-3500U16G256G商务键鼠）,https://item.jd.com/100040766145.html,1799.00,是,5000
攀升商睿2代锐龙R3办公商用家用台式电脑主机（AMD锐龙3-3250U8G256G商务键鼠）,https://item.jd.com/100021254043.html,1388.00,是,5000
"爱心东东	
天钡MN37AMD锐龙R7台式机电脑迷你游戏小主机4K三显工控天宝家用办公超微型桌面迷你pcR7-3750H/16G内存/512G高速盘",https://item.jd.com/10024820730949.html,1998.00,否,500
宏碁（acer）台式电脑主机整机全套商祺N4270酷睿I9高配商务办公电竞游戏绘图设计师剪辑主机+27英寸高清显示屏10核心I932G双硬盘GTX1660S,https://item.jd.com/10045868756169.html,8099.00,否,100
联想ThinkCentreneoP780商用设计师游戏台式电脑主机(英特尔酷睿i9-12900KF32G1TSSD+2TRTX3060Ti),https://item.jd.com/100037610588.html,12999.00,是,2000
"拍拍	
华硕i7/i910850K/RTX2080/3060游戏直播吃鸡设计剪辑组装电脑主机二手台式机六：酷睿i716GGTX16606G网咖款整机全套99成新",https://item.jd.com/10054261693678.html,2999.00,否,500
铭能XS7650商务办公家用娱乐炒股游戏台式电脑主机整机(英特尔酷睿i5+8G+512G固态)21.5英寸,https://item.jd.com/100038367255.html,1249.00,是,5000
华硕（ASUS）DIY整机12代i512400F游戏台式机主机企业采购办公设计组装电脑全套配置一(i510400F+GT10304G)主机+27英寸显示器,https://item.jd.com/10039401025534.html,3599.00,否,5000
"京品电脑	
雷神(ThundeRobot)GeekBox设计师游戏台式电脑电竞主机(12代i5-124008GGTX1650512GSSD三年上门）",https://item.jd.com/100031445794.html,4498.00,是,10000.0
联想商用ThinkCentreK70英特尔酷睿i5(i5-12500/B660/8G/1T/无光驱/集显/260W/OKR/Win11Home),https://item.jd.com/100020394573.html,3149.00,是,1000
"爱心东东	
启稚英特尔十核RTX3060独显大容量1T固态办公游戏家用组装吃鸡台式机电脑主机水冷整机全套套餐五：十二核+32G/1T/2060S光追特效单主机",https://item.jd.com/10054289538800.html,3388.00,否,10000.0
"拍拍	
联想台式电脑整机i3i5i7商务办公家用游戏娱乐主机显示器全套台式机整机二手台式机【13】i5/16G/240G固态1G独显亏本冲量免费试用三年质保现货...",https://item.jd.com/70936231802.html,1458.00,否,50000.0
宏碁(Acer)设计师游戏旗舰办公台式机电脑单主机(i5-11400F16G内存1TB固态RTX3060-12G独显水冷)定制,https://item.jd.com/100045740101.html,5699.00,是,1000
ROG光魔G15AMD锐龙R7神光同步+侧透电竞游戏台式机电脑主机黑色R7-5800XRTX307016GB1TBSSD+1TBHDD,https://item.jd.com/10044048593449.html,11499.00,否,100
宏碁(Acer)商用办公迷你台式机电脑家用网课电脑小主机(i5-1140016G512GSSD集显WiFi定制)单主机,https://item.jd.com/100034436471.html,2799.00,是,200
攀升（IPASON）灵悦AMD锐龙R55600G/R75700G办公设计游戏台式机电脑主机整机配置四R55600G512G高配版,https://item.jd.com/10037312249249.html,2499.00,否,200
戴尔（DELL）3000mff微型迷你mini小主机商用台式机电脑itx小机箱3090mff升级单主机/含键鼠/预装Windows11i3-12100T/8G/256G固态/定制版,https://item.jd.com/20892538754.html,2799.00,否,5000
华橙高颜值海景房i512400F/RTX3060Ti永劫吃鸡游戏台式组装电脑主机DIY组装机全套配置一电竞款十核丨32G丨8G电竞独显,https://item.jd.com/32161323306.html,2069.00,否,5000
京天ROG99i913900KF/RTX409024G/Z790/32GD5/1TSSD/3年上门/高端电竞游戏台式DIY组装电脑吃鸡主机UPC,https://item.jd.com/100015896416.html,29999.00,是,2000
战翔英特尔酷睿i7/十二核/6G独显台式电脑主机高配设计台式机游戏全套电竞办公企业商用家用组装整套套餐一八核/16G/256G/4G独显,https://item.jd.com/10054656943203.html,1499.00,否,500
"京品电脑	
联想(Lenovo)天逸510S个人商务台式机电脑整机(12代i5-12400 16G1T+256GSSDwifiwin11)来酷27英寸",https://item.jd.com/100017448189.html,4699.00,是,50000.0
飞利浦S923.8英寸一体台式机电脑学习办公家用收银主机(11代4核N50958G256GSSDWiFi3年上门)白色,https://item.jd.com/100015544003.html,1899.90,是,10000.0
攀升商睿M迷你4K办公商用家用全套台式电脑小主机（11代4核N50958G256GWiFi蓝牙商务键鼠3年上门）,https://item.jd.com/100021770028.html,988.00,是,5000
华为HUAWEIMateStationS12代酷睿版商务台式机电脑主机(i5/8G/1THDD集显WIN11WiFi6)单主机,https://item.jd.com/100037581309.html,3899.00,是,100
机械师（MACHENIKE）未来战舰II代水冷游戏台式机电脑电竞主机（12代i7-1270016G512GSSDRTX306012G）,https://item.jd.com/100017648303.html,7999.00,是,2000
阿玛塔酷睿i7/12400F/2060S8G高配独显游戏吃鸡组装电脑主机全套台式组装机DIY整机配置三i7十代2060S8G/1TB主机,https://item.jd.com/43432351135.html,4368.00,否,20000.0
鑫锐i712700/i9/RTX3060/70吃鸡游戏电竞直播水冷台式DIY组装电脑主机全套套餐二12700F-RTX3070丨1TB丨27寸,https://item.jd.com/11383450671.html,7199.00,否,20000.0
攀升（IPASON）战神酷睿i5/16G设计电竞游戏台式电脑主机整机NVMe固态【2022款】12代i5GTX1660S16G512G,https://item.jd.com/10054067790924.html,4999.00,是,1000
"爱心东东	
昂福镭仕11代酷睿i7八核RTX3060吃鸡LOL直播设计商用办公家用游戏电脑台式机主机整机组装机单主机(有送键鼠套装礼品)11代i7/32G/1T固态/RTX3060电竞",https://item.jd.com/10064078898173.html,6798.00,否,41.0
"爱心东东	
狄派酷睿i9升十核/16G内存/1660S独显/台式机电脑主机整机全套组装家用电竞企业办公电脑主机+24英寸显示器配置二:十核丨512G丨GTX1660S独显",https://item.jd.com/10061289974037.html,3098.00,否,5000
华为（HUAWEI）台式电脑MateStationS锐龙英特尔多设备企业商务办公协同指纹解锁主机S+华为SE23.8超清显示器AMDR54600G/8G/512G,https://item.jd.com/10038570074253.html,3999.00,否,500
"拍拍	
英特尔I7级六核独显GTX16606G游戏直播吃鸡全套办公主机DIY组装二手台式机电脑套餐五i9级十二线程/GTX1060永劫吃鸡主机+显示器99新",https://item.jd.com/51473189668.html,2199.00,否,20000.0
戴尔（DELL）3990商用办公工业台式机电脑I5-10505/16G/1T+256G固态/1650独显4G/单主机/定制,https://item.jd.com/100037412435.html,4999.00,是,0.0
"拍拍	
联想台式电脑英特尔i3/i5/i7独显家用网课游戏商务办公设计二手台式机全套9成新配置二酷睿G208G120G固态送20寸",https://item.jd.com/10029188208459.html,799.00,否,10000.0
战神盟主i7升i510400F六核RTX2060S台式电脑主机电竞游戏设计组装DIY全套整机电脑主机套餐四i510400F+RTX3060旗舰神机,https://item.jd.com/49938064797.html,4199.00,否,10000.0
宏碁(Acer)商祺SQX4270560A商用办公台式电脑整机（十代i3-101058G256G固态+1T机械wifi）23.8英寸,https://item.jd.com/100026912592.html,3088.00,是,20000.0
京天华盛战无畏515i5-12400F/GTX16504G/16GDDR4/512G固态台式机吃鸡游戏主机组装电脑DIY主机UPC,https://item.jd.com/100011089969.html,3999.00,是,5000
惠普HP小欧S01电脑主机商务办公台式机（i3-121008G512GSSDWiFiWin11注册五年上门）单主机,https://item.jd.com/100027787535.html,2699.00,是,2000
宁美国度卓商用办公台式机电脑整机（十代i51040016G512G送键鼠）23.8英寸,https://item.jd.com/100018419039.html,3189.00,是,2000
"拍拍	
联想电脑台式机英特尔i3i5i7独显家用游戏商务办公设计二手台式机全套9成新套餐三【A63008G620G双硬盘送20寸】",https://item.jd.com/61926533695.html,899.00,否,10000.0
艾维娜英特尔台式机电脑主机酷睿i5i7商用家用办公4K影音游戏娱乐独显剪辑渲染吃鸡电竞DIY酷睿i3/4G内存/500G硬盘网课学习单主机,https://item.jd.com/10063031698843.html,443.00,否,500
华硕（ASUS）DIY整机i712700/F/RTX3060吃鸡游戏台式机主机电竞直播组装电脑配置四(i712700F+3060Ti),https://item.jd.com/10056779369063.html,7799.00,否,200
技嘉（GIGABYTE）i512600Kf整套电脑台式机直播游戏主机异形主播DIY组装机2.10400F/16G/升级16504G,https://item.jd.com/10042934360366.html,3198.00,否,1000
微星（MSI）12代I512490F/RTX30503060Ti显卡台式主机游戏电脑电竞整机二：12490F丨16G丨512G丨3060,https://item.jd.com/10043272132856.html,5499.00,否,200
神舟(HASEE)战神K65十二代专业设计师游戏台式电脑主机（i5-1240016G512GSSDRTX306012G独显WIN11）,https://item.jd.com/100036908877.html,5988.00,是,5000
简朵英特尔酷睿i5/十核/16G内存/RTX2060S办公企业家用游戏台式电脑主机全套DIY组装机游戏高配五》英特尔八核2689丨16G丨8G独显标配,https://item.jd.com/10032463588629.html,1695.00,否,20000.0
联想(Lenovo)台式机电脑主机扬天M3900q速龙版(AMD-A3050U8G1TB键鼠)19.5英寸整机,https://item.jd.com/100035302975.html,1999.00,是,20000.0
戴尔dell成就3910商用台式机电脑游戏主机(i7-12700F16G256G+1TBGTX1660S三年上门)23.8英寸整机,https://item.jd.com/100036844940.html,8299.00,是,100000.0
技嘉（GIGABYTE）主机i512400F升12490F/RTX3060/3050游戏组装电脑配七：12400F丨16G丨500G丨3060,https://item.jd.com/10043514244497.html,6399.00,否,500
"拍拍	
联想台式电脑整机i3i5i7商务办公家用游戏娱乐主机显示器全套台式机整机二手台式机【2】A4-6300-3.7G主频8G-500G亏本冲量免费试用三年质保现货...",https://item.jd.com/70936231703.html,598.00,否,50000.0
亚当贝尔电竞独显办公游戏迷你家用组装吃鸡台式机电脑主机整机主机+24英寸电竞显示器整套全套配置五（E5十核+GTX1660S吃鸡）,https://item.jd.com/23388780572.html,3280.00,否,50000.0
航向者英特尔i5酷睿i7八线程/RTX20606G企业办公吃鸡游戏台式电脑主机DIY组装整机全套畅玩单机》套五酷睿i7丨1660S独显丨512G,https://item.jd.com/10045395060154.html,1869.00,否,20000.0
宏碁(Acer)商祺SQX4270140N商用办公台式电脑主机家用主机（十代G59054G1T三年上门）,https://item.jd.com/100014589868.html,1688.00,是,5000
华硕（ASUS）华硕i5-10400/12400企业家用办公核显台式电脑主机商用电脑DIY组装机升级版（套餐二）,https://item.jd.com/10031715771364.html,2499.00,否,2000
宏硕（hongshuo）英特尔16G内存/独立显卡/台式机电脑主机家用游戏办公组装电脑整机全套套餐五酷睿i7丨16G丨1012G丨2060S8G,https://item.jd.com/10020926079726.html,3080.00,否,50000.0
华硕（ASUS）i512400FRTX3060Ti/3050/1650核显组装电脑台式游戏主机16GB+512G配置三：RTX3050,https://item.jd.com/10043730738042.html,5299.00,否,500
"拍拍	
英特尔i9升八核主机GTX1070独显直播吃鸡游戏电脑办公整机DIY组装二手台式机全套七：i9级十六线路+6G大独显网咖吃鸡32曲面全套99新",https://item.jd.com/42896522968.html,2799.00,否,20000.0
铭能XS2180设计师商用办公游戏台式电脑主机电竞吃鸡独显(十代i510400F/GTX1660S6G/16G/512G)23.8英寸,https://item.jd.com/100038040333.html,3199.00,是,5000
华橙高颜值海景房i512490F/RTX3060TI永劫无间吃鸡游戏台式DIY组装电脑主机整机套六i512490F丨RTX3060Ti8G,https://item.jd.com/48768367516.html,5199.00,否,5000
外星人（alienware）AuroraR13全新十二代酷睿游戏高端台式电脑整机电竞主机水冷台机9652：12代i7/16G/RTX3050官方标配,https://item.jd.com/10056730994293.html,13499.00,否,500
华橙海景房酷睿i5/RTX2060/1660S高端吃鸡台式机电脑主机DIY组装机全套游戏企业办公电脑主机配置五酷睿i5丨16G丨512G丨1660Ti6,https://item.jd.com/10027079692970.html,1998.00,否,20000.0
华硕（ASUS）DIY整机12代i512400F游戏台式机主机企业采购办公设计组装电脑全套配置三(i512400F+GTX16504G)单主机,https://item.jd.com/10039401025537.html,3799.00,否,5000
联想(Lenovo)天逸510SMini台式机1升电脑主机(12代i5-12400 16G512GSSD)单主机,https://item.jd.com/100033293801.html,4099.00,是,100000.0
联想(Lenovo)台式机电脑主机扬天M4000q英特尔酷睿i3(i3-121008G1T+256GType-CWin11)21.45英寸整机,https://item.jd.com/100018615503.html,3299.00,是,20000.0
宁美国度-魂-游戏台式机水冷电脑主机（i913900KFRTX4090128G1T固态）,https://item.jd.com/100043933143.html,29788.90,是,2.0
康佳（KONKA）台式电脑mini主机商用办公迷你主机（11代4核N510516G512G支持多屏显示壁挂WiFi）,https://item.jd.com/100037864353.html,1248.00,是,2000
亚当贝尔intel酷睿i7/游戏独显/16G/256G商务办公设计电竞游戏吃鸡DIY组装台式电脑单主机+32英寸显示器配置一：酷睿i7/4G独显/256G固态,https://item.jd.com/10062657615463.html,2299.00,否,4.0
航向者英特尔i5酷睿i7八线程/RTX20606G企业办公吃鸡游戏台式电脑主机DIY组装整机全套办公佳选》套一酷睿i5丨高清集显丨128G,https://item.jd.com/10612815989.html,569.00,否,20000.0
武极天越AMD锐龙R55600G/5700G主机组装电脑主机家用办公游戏台式电脑主机全套整机配置二R55600G+16G+500G,https://item.jd.com/10046491499042.html,2599.00,否,2000
华硕（ASUS）DIY整机【未来者】12代i7-12700F台式电脑电竞设计家用直播吃鸡游戏主机配置一i712700+512G+16G内存主机+27英寸显示器,https://item.jd.com/10054022557614.html,5799.00,否,1000
"拍拍	
电脑台式机英特尔i7级升八核独显GTX1060游戏吃鸡家用办公设计组装二手台式机全套99新套餐五i7级八核/16G/240G/1060独显",https://item.jd.com/64135917253.html,2399.00,否,10000.0
航向者i512400F/RTX2060/3060Ti永劫无间吃鸡游戏台式电脑主机DIY组装机全套套四加强款：512G固态丨32G丨20606G,https://item.jd.com/18321204459.html,2899.00,否,20000.0
酷开创维电脑智享系列台式电脑商务办公家用迷你主机（十二代酷睿i3-121008G256GSSD）,https://item.jd.com/100027599409.html,1999.00,是,20000.0
机械师（MACHENIKE）T90-T游戏台式机电脑电竞主机（12代i5-124008G512GSSDGTX16504GWin11三年上门）,https://item.jd.com/100017535217.html,4399.00,是,2000
联想(Lenovo)M730Q十代小Q微型迷你便携商用办公台式机电脑主机i3-10100T/8G/1T+256GSSD/集成,https://item.jd.com/100009641225.html,3599.00,是,500
华橙高颜值海景房i512400F/RTX3060Ti永劫吃鸡游戏台式组装电脑主机DIY组装机全套配置三电竞款十核丨32G丨20606G,https://item.jd.com/32161323308.html,2669.00,否,5000
青聪i510400F/12400F/RTX3060/1660S吃鸡游戏台式电脑主机DIY组装机配置一i510400F丨256G丨GT游戏独显,https://item.jd.com/30221803410.html,1669.00,否,20000.0
惠普HP暗影精灵8台式电脑游戏台式机主机设计师电脑12代i7-12700FRTX30508G独显16G256GSSD+1T,https://item.jd.com/100024061935.html,6999.00,是,50000.0
联想（Lenovo）ThinkCentreE97S商用台式机电脑企业采购i5-10400/8G/1T+256G/集显/Win10/27英寸显示器,https://item.jd.com/100041514229.html,5399.00,是,2.0
华橙海景房酷睿i5/RTX2060/1660S高端吃鸡台式机电脑主机DIY组装机全套游戏企业办公主机+显示器整套全套配置六酷睿i5丨16G丨512G丨20606G,https://item.jd.com/10050904677230.html,2798.00,否,20000.0
雷神（ThundeRobot）黑武士3060TI显卡游戏电竞台式机电脑主机现货速发I5-11400+RTX3060TI+16G,https://item.jd.com/10042337611808.html,6985.00,否,38.0
英特尔四核酷睿i5/4G游戏独显/16G/家用游戏办公企业台式电脑主机DIY组装机全套配置一,https://item.jd.com/62853604777.html,899.00,否,100
华硕（ASUS）DIY整机12代i512400F游戏台式机主机企业采购办公设计组装电脑全套配置四(i510400F+GTX16606G)单主机,https://item.jd.com/10039401025539.html,3399.00,否,5000
和谐号电竞光追游戏独显直播吃鸡永劫无间台式电脑主机（12代i712700F/RTX306012G/32GD4/512G）+27英寸,https://item.jd.com/100042829591.html,6999.90,是,1000
AppleMacmini八核M1芯片16G256GSSD台式电脑主机Z12N【定制机】,https://item.jd.com/100012176937.html,6799.00,是,20000.0
技嘉（GIGABYTE）i512400F/GTX1660S电竞游戏台式机组装电脑主机DIY组装机配置二i5-12400F+GTX1660S单主机,https://item.jd.com/10052556720297.html,4149.00,否,1000
攀升商睿2代办公商用家用台式电脑主机（AMDA10四核8G256GSSD商务键鼠3年上门）,https://item.jd.com/100032427194.html,1099.00,是,5000
攀升（IPASON）战神Pro12代酷睿i5游戏电竞设计独显台式电脑主机组装整机【2022款】12400F16G512GRTX3060Ti,https://item.jd.com/10058535103761.html,7099.00,是,200
戴尔（DELL）灵越3910台式机【2022新品】12代酷睿6核i5办公主机游戏商用家用电脑整机单主机(无显示器)i5-1240016G1T256G核显定,https://item.jd.com/10043317352901.html,4149.00,否,2000
华为(HUAWEI)MateStationB520高性能台式机电脑主机(i7-1070016G512G+1T2G独显Wifi/蓝牙)定制,https://item.jd.com/100033169573.html,6999.00,是,200
AOCAIO大师92623.8英寸高清办公一体机电脑台式主机(AMD-72108G256GSSD内置WiFi3年上门),https://item.jd.com/100032990009.html,1599.00,是,20000.0
【预售】京天华盛黑武士i512400F/RTX306012G/Ti游戏台式组装电脑主机DIY配置三：i512400F/RTX3060,https://item.jd.com/10062935573109.html,5398.00,否,200
雷神（ThundeRobot）黑武士高配游戏电竞渲染台式电脑无显卡电脑主机12代I5|I7现货速发B660M+i7-12700+16G+512G,https://item.jd.com/10043453845224.html,4898.99,否,2000
华硕（ASUS）i512400F/1660游戏组装电脑吃鸡电竞台式机DIY水冷ROG灯主机整机配置六i512400F/16G/RTX3060,https://item.jd.com/10027977515195.html,6449.00,否,500
雷神(ThundeRobot)黑武士4+水冷游戏台式电脑电竞主机(12代i5-1240016GRTX3070Ti显卡512GSSD无线充电),https://item.jd.com/100036368220.html,8698.00,是,20000.0
零刻EQ59PROIntel11代4核办公小台式机N5105WIFI蓝牙办公16G/512G,https://item.jd.com/10063680959903.html,1399.00,否,500
华硕（ASUS）DIY整机12代i512400F/RTX3060游戏直播台式主机吹雪定制组装电脑配置三（12400F/3060）单主机,https://item.jd.com/10056813844597.html,6099.00,否,46.0
宁美国度卓十代办公台式机电脑主机（i51040016G512G送键鼠三年上门）,https://item.jd.com/100012689350.html,2589.00,是,2000
苍影i9十核RTX2060\/16G\M2固态游戏办公直播家用台式组装电脑主机吃鸡电脑台式整机全套单主机套餐三,https://item.jd.com/10033201781816.html,1118.00,否,2000
戴尔(DELL)OptiPlex3090MT商用办公台式机电脑主机(I3-101058G1T机械集显21.5英寸),https://item.jd.com/100025030271.html,3299.00,是,43.0
机械革命旷世G7炫彩灯效（12代i5-1240016G512GSSDRTX3060Ti8G独显)电竞游戏自营台式机电脑主机,https://item.jd.com/100038199036.html,6899.00,是,10000.0
"拍拍	
Apple苹果一体机二手电脑imac台式主机超薄办公设计剪辑游戏高配独显全套新款【超划算经典款】309-i5-8G-512G固态",https://item.jd.com/10037119438938.html,2369.00,否,1000
武极天奕12代i7直播电竞游戏台式电脑主机整机DIY组装机配置四：i712700F+RTX3060Ti推荐,https://item.jd.com/10050604865558.html,8269.00,否,2000
亚当贝尔电竞独显办公游戏迷你家用组装吃鸡台式机电脑主机整机电脑主机配置二（酷睿I7/8G/756G硬盘）,https://item.jd.com/23388780560.html,1380.00,否,50000.0
宏碁(Acer)商用办公组装台式机电脑家用网课电脑单主机（i7-1270016G256G1T机械集显）定制,https://item.jd.com/100043098491.html,4599.00,是,0.0
联想台式机扬天M4602022款12代英特尔酷睿i5商用办公电脑整机附带RS232串口12代i516G/256G+1T(23英寸),https://item.jd.com/10052997897304.html,4599.00,是,500
华橙海景房酷睿i5/RTX2060/1660S高端吃鸡台式机电脑主机DIY组装机全套游戏企业办公电脑主机配置四酷睿i5丨16G丨256G丨1660S6G,https://item.jd.com/48690619255.html,1669.00,否,20000.0
宁美（NINGMEI）i512400FRTX3060游戏台式机电脑主机单机组装吃鸡游戏主机配四12代i512400FRTX3060Ti,https://item.jd.com/10058472619978.html,6399.00,否,13.0
攀升商睿2Pro酷睿i9设计师办公商用台式电脑主机（12代i932G512GSSD+2T4G独显WiFi6）,https://item.jd.com/100034011629.html,7899.00,是,20000.0
宏碁(Acer)商用办公迷你台式机电脑家用网课小主机(i5-1140016G256GSSD+1TB集显WiFi定制)单主机,https://item.jd.com/100034436331.html,2899.00,是,200
宏碁(Acer)商用办公组装迷你台式电脑家用网课小主机整机（i7-1170016G256G+2T2G独显27英寸显示器）定制,https://item.jd.com/100045447215.html,5099.00,是,0.0
七彩虹（Colorful）iGameM600幻境之眼水冷游戏台式电脑主机（12代i5-1240016GRTX3060500GnvmeWi-Fi）,https://item.jd.com/100036691168.html,6999.00,是,10000.0
将臣英特尔i9级十核GTX1660S6G直播电竞游戏电脑主机全套办公台式机家用设计师组装电脑整机配置二十核/2060S8G/32G/480G单主机,https://item.jd.com/10058190265244.html,2899.00,否,200
神舟(HASEE)战神MiniR5商用办公AMD迷你台式电脑主机(R5-5600U8G512GSSDWIFI无线win11),https://item.jd.com/100038199056.html,2399.00,是,5000
"爱心东东	
狄派酷睿i9升十核/16G内存/1660S独显/台式机电脑主机整机全套组装家用电竞企业办公电脑电脑主机配置二:十核丨512G丨GTX1660S独显",https://item.jd.com/10061289974033.html,2598.00,否,5000
联想（Lenovo）台式机M455酷睿i7-12700处理器商用游戏设计办公2G独显台式电脑主机+23英寸显示器定制版I7-127008G1T机械独显,https://item.jd.com/10059251586183.html,6599.00,是,52.0
"京品电脑	
攀升商睿2代办公商用家用台式电脑主机（11代i5-11260H16G512GWiFi商务键鼠3年上门）",https://item.jd.com/100029889022.html,2599.00,是,20000.0
宏硕（hongshuo）英特尔16G内存/独立显卡/台式机电脑主机家用游戏办公组装电脑整机全套套餐四酷睿i7丨16G丨1012G丨10708G,https://item.jd.com/66426249402.html,2780.00,否,50000.0
UIG酷睿i512400F升八核i7/游戏独显/吃鸡台式机电脑主机家用游戏办公组装电脑整机全套单主机配置六：酷睿i7-10870八核/16G/高效电竞,https://item.jd.com/10057847441383.html,4898.00,否,5000
宏碁(Acer)商用办公组装迷你台式电脑家用网课小主机（i7-1170016G256G1T机械集显）定制,https://item.jd.com/100045446867.html,3899.00,是,0.0
"爱心东东	
联想（Lenovo）台式电脑扬天M4000q家用网课商用办公税控台式机电脑整机单主机+有线键鼠套装定制:G69008G512G固态",https://item.jd.com/10063558939354.html,2499.00,否,500
宏碁(Acer)商用办公组装台式机电脑家用网课电脑单主机（i3-121008G512G集显）定制,https://item.jd.com/100042844199.html,2399.00,是,0.0
"拍拍	
英特尔i9升八核主机GTX1070独显直播吃鸡游戏电脑办公整机DIY组装二手台式机全套八：i9级十六线+32G+1660图灵显卡32曲全套99新",https://item.jd.com/43365608089.html,3199.00,否,20000.0
攀升商睿2代办公商用家用台式电脑主机（12代i3-1210016G512GWiFi蓝牙商务键鼠）,https://item.jd.com/100032989979.html,2399.00,是,20000.0
亚当贝尔英特尔酷睿i7/独显/16G家用办公电竞游戏吃鸡设计师炒股组装台式电脑主机整机全套单主机配置三：酷睿i7/1050Ti/16G/512G,https://item.jd.com/10028224970391.html,1899.00,否,20000.0
戴尔（DELL）OptiPlex7000MFF迷你mini主机台式电脑12代酷睿微型办公台式机单主机/含键盘鼠标i5-12500T/8G/256G固态/标配版,https://item.jd.com/20894319252.html,4199.00,否,5000
华硕（ASUS）i512400F/RTX3060/TI独显游戏台式电脑主机DIY组装机配置二（i512400F+306012G）,https://item.jd.com/10059141956220.html,5199.00,否,200
华硕（ASUS）华硕I712700F\/3060TI\/3070游戏直播台式电脑主机DIY组装机海景房12700F/3060ti,https://item.jd.com/10054048293801.html,7499.00,否,42.0
宏碁(Acer)设计师游戏旗舰办公台式机电脑单主机(i5-11400F32G512GRTX3060-12G独显冷排散热定制),https://item.jd.com/100038952036.html,5899.00,是,1000
攀升（IPASON）战神Pro12代酷睿i7游戏电竞设计台式电脑主机组装独显整机【2022款】12700F16G512GRTX3060ti,https://item.jd.com/10061047803182.html,7999.00,是,100
宏碁（acer）酷睿12代i7-12700台式电脑办公商用游戏绘图设计整机家用电脑主机全套单主机电脑【直播/电商】I5-12400+16G+512G,https://item.jd.com/10055354360733.html,3379.00,否,2000
长城凌云DHC88办公商用台式电脑主机（十代酷睿i3-10105F2G独显8G256G商务键鼠上门服务）,https://item.jd.com/100013140035.html,1850.00,是,5000
邪手萌兜组装电脑网课学习办公整机台式电脑主机DIY组装机配置升级包,https://item.jd.com/10064853104623.html,10.00,否,100
联想(Lenovo)扬天M590商用设计师游戏台式电脑主机(锐龙5-5600G16G512GGTX1660sWiFi),https://item.jd.com/100017213127.html,4499.00,是,20000.0
宏碁(Acer)暗影骑士·崭N95游戏电脑主机(12代i5RTX3060Ti16G内存512G固态侧透一体式水冷散热),https://item.jd.com/100038594648.html,6999.00,是,5000
"爱心东东	
狄派酷睿i5-10400/四核/GTX1660台式机组装电脑主机/商务办公家用网课游戏电脑电脑主机套餐三:酷睿i5/GTX1060游戏独显",https://item.jd.com/16244478402.html,2280.00,否,20000.0
武极i712700F/RTX3060Ti升RTX3070电竞游戏台式组装电脑主机整机DIY组装机,https://item.jd.com/1618683063.html,8699.00,否,10000.0
戴尔（DELL）成就3690商用办公台式电脑家用迷你单主机【i3-101058G512G固态定制】,https://item.jd.com/100047966329.html,2449.00,是,3.0
攀升（IPASON）战神Pro12代酷睿i5游戏电竞设计独显台式电脑主机组装整机【2022款】12400F16G512GRTX3050,https://item.jd.com/10058535103760.html,5599.00,是,200
宏硕（hongshuo）酷睿系列/4G独显/台式机电脑主机家用企业娱乐组装电脑整机全套主机+21.5英寸显示器套餐一酷睿i3/核显/8G内存/120G固态,https://item.jd.com/10026293548473.html,1299.00,否,10000.0
"爱心东东	
启稚英特尔十核RTX3060独显大容量1T固态办公游戏家用组装吃鸡台式机电脑主机水冷整机全套套餐六：十二核+32G/1T/3060Ti电竞直播主机+32英寸显示器",https://item.jd.com/10060209836065.html,5488.00,否,10000.0
"京品电脑	
惠普(HP)战99商用办公台式电脑主机(11代i7-1170016G1TSSDRX550X4G独显Office注册五年上门)",https://item.jd.com/100021321230.html,5999.00,是,10000.0
宏硕（hongshuo）英特尔16G内存/独立显卡/台式机电脑主机家用游戏办公组装电脑整机全套套餐五酷睿i7丨2060S8G主机+24英寸显示器,https://item.jd.com/10020926079727.html,3580.00,否,50000.0
"京品电脑	
攀升（IPASON）灵悦12代酷睿i5-12400办公商用家用台式电脑主机全套diy组装整机12代i516G512G【JD物流】",https://item.jd.com/10044783967226.html,2999.00,否,2000
和谐号XS-6100办公商用台式电脑主机整机（12代i3-12100F/2G独显/16G/512G),https://item.jd.com/100022046453.html,2099.00,是,1000
华硕（ASUS）DIY整机12代i512400F吃鸡游戏台式机主机电竞直播设计渲染组装电脑全套配置三(i512400F+2060S8G)主机+27英寸显示器,https://item.jd.com/10063370246160.html,5099.00,否,200
惠普HP暗影精灵8台式电脑游戏台式机主机设计师电脑12代i5-12400FRTX30508G独显16G256GSSD+1T,https://item.jd.com/100024061955.html,5799.00,是,50000.0
酷开创维电脑办公商用台式电脑整机（AMD八核A98G256GSSD全国联保）21.45英寸显示器,https://item.jd.com/100031608634.html,1339.00,是,20000.0
华橙海景房酷睿i5/RTX2060/1660S高端吃鸡台式机电脑主机DIY组装机全套游戏企业办公电脑主机配置一酷睿i5丨8G丨256G丨核芯显卡,https://item.jd.com/48690619253.html,869.00,否,20000.0
攀升战境S6AMD锐龙R55600/RTX3060设计师电竞游戏台式电脑主机全套diy组装整机配置五【R5-5600RTX3060】推荐单主机,https://item.jd.com/10048059791180.html,5599.00,否,500
雷神博睿商务办公游戏学生家用网课台式机电脑整机8L小机箱23.8英寸显示器三年上门服务i5-12400+8G+512GSSD,https://item.jd.com/10054692722508.html,2999.00,否,200
铭能XS2180设计师商用办公游戏台式电脑主机(12代i512400F/RTX306012G/32G/512G固态)电竞光追高端独显,https://item.jd.com/100038040329.html,4999.00,是,5000
华硕（ASUS）12代i5-12400Fdiy电竞游戏设计台式电脑主机高配家用直播整机12400F/RTX3060-8G（新上市）,https://item.jd.com/10058284254811.html,6499.00,否,2000
宁美国度卓十代办公台式机电脑整机（i3101008G512G送键鼠）23.8英寸,https://item.jd.com/100009641290.html,2489.00,是,2000
京天(KOTIN)商机3109十代英特尔酷睿i3商用办公台式机电脑主机(i3-101058G256GWiFi三年上门),https://item.jd.com/100017402802.html,1899.99,是,1000
联想(Lenovo)YOGA272022可旋转27英寸4K屏一体台式电脑(AMDR7-6800H16GLPDDR5内存1TBSSD）水月银,https://item.jd.com/100039890462.html,7999.00,是,5000
品纯（PINCHUN）英特尔十核32G内存/台式机电脑主机整机全套组装家用游戏办公水冷电竞主机套餐五：十核强芯+32G/1T/RTX2060S,https://item.jd.com/10048722950465.html,3999.00,否,20000.0
"拍拍	
铭速酷睿i7级i9级5600TX1660S显卡图吧设计直播游戏办公网课台式电脑主机组装机高端电脑套餐二i58G500G流畅办公主机",https://item.jd.com/46097845561.html,688.00,否,500
Leno国行【英特尔酷睿i7级+4G独显】mini迷你电脑主机台式机商用办公游戏电竞装单主机整机全套大魔方《i5酷睿八代4G独显16G+1024G》套餐一《单机标配...,https://item.jd.com/10051479866707.html,3698.00,否,100
京天(KOTIN)商机1202十二代i5商用办公小机箱设计师台式电脑主机(i5-1240016G512G固态三年上门)WIFI,https://item.jd.com/100032427212.html,2799.00,是,1000
华硕（ASUS）DIY整机i712700/F/RTX3060吃鸡游戏台式机主机电竞直播组装电脑配置一(i712700集显+16G+512G),https://item.jd.com/10040028352704.html,4799.00,否,200
七彩虹（Colorful）iGameM600幻境之眼水冷游戏台式电脑主机（12代i5-1240016GRTX3050500GnvmeWi-Fi）,https://item.jd.com/100021039601.html,5999.00,是,10000.0
畅骁商祺A2家用办公商用台式游戏组装电脑主机（i3101008G256G华硕圣旗H510M）,https://item.jd.com/100016388602.html,1779.00,是,5000
酷开创维电脑战神系列娱乐独显台式电脑主机（AMDX4-8408G512GGT730-2G独显）23.8英寸显示器,https://item.jd.com/100027348628.html,2099.00,是,1000
"京品电脑	
长城GreatWallA201819英寸商用办公家用一体机台式电脑(AMD-A8四核/8G/128G双频WiFi365天上门键鼠)",https://item.jd.com/100012467949.html,1050.00,是,20000.0
华橙海景房酷睿i5/RTX2060/1660S高端吃鸡台式机电脑主机DIY组装机全套游戏企业办公电脑主机配置二酷睿i5丨16G丨256G丨GT游戏独显,https://item.jd.com/48690619254.html,1169.00,否,20000.0
和谐号YD2798Q27英寸曲面高清商用办公一体机台式电脑(A8四核/8G/256G双频WiFi365天上门键鼠),https://item.jd.com/100014219087.html,1699.00,是,10000.0
"爱心东东	
11代酷睿i7八核十六线程电竞LOL吃鸡直播设计师办公商用家用游戏电脑台式机主机整机组装机单主机（有送键鼠套装礼品）【推荐】酷睿i9九代32G/1T固...",https://item.jd.com/10054852650202.html,4899.00,否,500
简朵英特尔酷睿i5/十核/16G内存/RTX2060S办公企业家用游戏台式电脑主机全套DIY组装机畅玩网游二》英特尔六核5640丨16G丨GT独显标配,https://item.jd.com/10031347308102.html,595.00,否,20000.0
和谐号设计师商用办公游戏台式电脑主机(十代i510400F/GTX16504G/8GD4/256G固态)电竞吃鸡独显,https://item.jd.com/100007763017.html,2899.90,是,20000.0
联想台式机电脑可装Win7或11i9-12900KF128G内存4T机械+2T固态硬盘RTX3090-24G独显单主机定制版,https://item.jd.com/100032070331.html,36299.00,是,19.0
联想(Lenovo)天逸510S英特尔酷睿i3个人商务台式机电脑整机(12代i3-121008G1THDDwin11)单主机,https://item.jd.com/100029197389.html,2459.00,是,13.0
航向者i712700KF/RTX3060Ti/70/80永劫无间游戏台式电脑主机DIY组装机全套套三加强款：2673丨20708G丨送27英寸主机,https://item.jd.com/10024035945763.html,4999.00,否,2000
神舟（HASEE）新瑞X30十二代商用办公台式电脑主机(i3-121008GDDR4512GSSDwin11),https://item.jd.com/100032427188.html,2388.00,是,5000
AOCAIO大师92623.6英寸高清办公一体机电脑台式主机(N50958G256GSSD双频WiFi3年上门),https://item.jd.com/100038199090.html,1699.00,是,20000.0
攀升商睿2代办公商用家用台式电脑主机（12代i3-121008G256GWiFi蓝牙商务键鼠3年上门）,https://item.jd.com/100019732807.html,2149.00,是,20000.0
宏碁（acer）酷睿12代i7-12700台式电脑办公商用游戏绘图设计整机家用电脑主机全套单主机电脑【总裁版】12核I7-12700+16G+1T固态,https://item.jd.com/10055354360736.html,5099.00,否,2000
玩嘉i7八核水冷吃鸡游戏主播电脑多开3D渲染建模网吧主机i9高配电竞台式机i5办公组装台式电脑全套套餐八【旗舰十核+RTX3060Ti+1TB固态】,https://item.jd.com/10057317136632.html,4199.00,否,200
宁美国度魂电竞游戏台式机电脑主机（i512490FRTX2060s16G500G固态）,https://item.jd.com/100023064613.html,5188.90,是,6.0
飞利浦（PHILIPS）12代一体机电脑21.5-27英寸台式机高配全套高清家用办公网课教学商务整机【主推】23.8/11代N50958G512G【典雅白色】,https://item.jd.com/10042340524373.html,2049.00,否,500
联蕊英特尔i7酷睿i9升十核/32G内存/RTX2060吃鸡台式电脑全套主机组装游戏家用企业办公套餐二【i7级十核+16G/512G/畅玩网游】单主机,https://item.jd.com/10059781961266.html,1789.00,否,10000.0
宏碁(Acer)设计师游戏旗舰办公台式机电脑单主机(i5-11400F16G内存512G固态+1TBRTX3060TI-8G)定制,https://item.jd.com/100033372891.html,6099.00,是,1000
京天竞魂510设计师渲染水冷游戏电竞无显卡台式电脑主机（i5-12400B66016G512GWiFi正版系统）,https://item.jd.com/100025929397.html,2999.00,是,2000
联想(Lenovo)天逸510S速龙版个人商务台式机电脑整机(AMD-A3050U8G1TBHDDWiFiWin11)23英寸,https://item.jd.com/100028030476.html,2698.99,是,10000.0
"拍拍	
联想台式电脑整机i3i5i7商务办公家用游戏娱乐主机显示器全套台式机整机二手台式机【1】A4-4000-3.0G主频4G-500G亏本冲量免费试用三年质保现货...",https://item.jd.com/70936228594.html,539.00,否,50000.0
联想(Lenovo)GeekPro2022设计师游戏台式电脑主机(12代i5-12400FRTX305016G512GSSD),https://item.jd.com/100030292537.html,5799.90,是,20000.0
华硕（ASUS）DIY整机【未来者】12代i7-12700F台式电脑电竞设计家用直播吃鸡游戏主机配置四i712700F+3060TI+16G主机+27英寸显示器,https://item.jd.com/10056407526168.html,8899.00,否,1000
华硕（ASUS）华硕rog全家桶i712700KF3060TI直播游戏台式机组装电脑水冷主机一：i512400F/3060/16G,https://item.jd.com/10026780617711.html,8799.00,否,1000
康佳（KONKA）台式电脑mini微型小主机商用办公家用11代4核N51058G256G【强劲性能】四核N510516G512G,https://item.jd.com/10065798978014.html,1848.00,否,0.0
联想商用ThinkCentreK70英特尔酷睿i5（i5-12500/B660/8G/512GSSD/无光驱/集显/260W/OKR/Win11Home）,https://item.jd.com/100020394637.html,3449.00,是,1000
铭能XS2180商务办公家用学习游戏娱乐台式电脑主机整机(英特尔酷睿i7+4G独显+16G+256G固态)21.5英寸,https://item.jd.com/100042973103.html,1949.00,是,5000
惠普（HP）N01\/M01系列商用家用办公台式机电脑主机整机全套网课单主机i5-1240016G256G+1T定制,https://item.jd.com/10030078703710.html,3599.00,否,5000
联想(Lenovo)台式机电脑主机扬天M590(锐龙5-5600G8G512GWiFiOffice三年上门),https://item.jd.com/100014123595.html,3699.00,是,2000
攀升迁跃者M全铝机身4K迷你台式电脑小主机（12代i5-1240016G512GWiFi）办公商用家用全套,https://item.jd.com/100034011639.html,2999.00,是,5000
外星人ALIENWARER13水冷电竞游戏高端台式机第12代i716G512GB+1TRTX3060Ti办公台式机9667TW,https://item.jd.com/100028475051.html,18969.00,是,500
联想（Lenovo）拯救者刃9000K设计制图游戏台式电脑主机(定制i7-12700KF32G1T独显10GRTX3080Win11),https://item.jd.com/100044228787.html,19299.00,是,1.0
"爱心东东	
狄派酷睿i5-10400/四核/GTX1660台式机组装电脑主机/商务办公家用网课游戏电脑主机+27英寸显示器套餐三:酷睿i5/GTX1060游戏独显",https://item.jd.com/45048963191.html,3080.00,否,20000.0
京天Blitz117i7-12700/B660/512G/16GDDR4/无显卡主机/商务键鼠/3年上门/台式组装电脑/游戏家用定制UPC,https://item.jd.com/100018368150.html,3999.00,是,10000.0
"爱心东东	
启稚英特尔十核RTX3060独显大容量1T固态办公游戏家用组装吃鸡台式机电脑主机水冷整机全套套餐三：十核+32G/512G/高效吃鸡独显单主机",https://item.jd.com/10054289538796.html,2588.00,否,10000.0
惠普(HP)战66办公台式机商用小机箱电脑主机(12代i5-1250016G512GWiFi蓝牙Win11Office)23.8英寸显示器,https://item.jd.com/100024222031.html,4199.00,是,20000.0
华硕（ASUS）DIY整机12代i512490F/RTX3060游戏台式主机设计渲染组装电脑全套配置一(12490F+3060)主机+27英寸曲面显示器,https://item.jd.com/10059530351529.html,6699.00,否,200
AppleMacmini【教育优惠】八核M1芯片8G512GSSD台式电脑主机MGNT3CH/A,https://item.jd.com/100016751650.html,6399.00,是,20000.0
华硕（ASUS）DIY整机【未来者】12代i7-12700F台式电脑电竞设计家用直播吃鸡游戏主机配置二i712700F+RTX2060+16G主机,https://item.jd.com/10054022557615.html,6199.00,否,1000
清华同方（THTF）精锐M790商用办公台式电脑主机(12代i3-121008G256G+1T三年上门内置WIFI）,https://item.jd.com/100022309839.html,2598.00,是,500
攀升E10G6400双核/H510/高频8G/256GSSD/商务键鼠/家用办公企业采购台式电脑主机/京东UPC,https://item.jd.com/100020941258.html,1499.00,是,20000.0
华硕（ASUS）ROG全家桶主机i913900K409040803080组装电脑水冷主机四：i712700KF/3070TI/32G,https://item.jd.com/10024047941560.html,16999.00,否,2000
"京品电脑	
攀升战境S612代i512490F/RTX3060设计师电竞游戏台式电脑主机全套diy组装整机配置二【i5-12490FRTX2060S】",https://item.jd.com/10024475397221.html,6099.00,否,20000.0
联想ThinkStationP350商用塔式工作站主机(i7-11700k/8G/1T+256GSSD/T6004G显卡/键鼠/750W),https://item.jd.com/100036563945.html,10299.00,是,23.0
联想(Lenovo)启天M43G商用办公台式机电脑改配升级i5-10400/16G/1TB+512GSSD/集显/21.5英寸套机,https://item.jd.com/100037402037.html,5199.00,是,0.0
"京品电脑	
京天Blitz303i3-10100升i3-10105/8G/256G/商务键鼠/3年上门/台式组装电脑/办公企业采购/家用定制主机UPC",https://item.jd.com/8770193.html,1899.00,是,5000
华硕（ASUS）i512400FRTX3060Ti/3050/1650核显组装电脑台式游戏主机8GB+256G配置一：核显,https://item.jd.com/10043730738035.html,2799.00,否,500
戴尔(DELL)PrecisionT3660工作站商用办公运算台式机电脑主机(I9-12900K128G4T+2TSSDRTX3090-24G)定制K,https://item.jd.com/100038061827.html,29899.00,是,13.0
"拍拍	
【二手9成新】戴尔/DELL二手台式机/商用/家用/电脑双核四核i3/i5/i7大中机箱办公娱乐I5-2400/8G/120G固态",https://item.jd.com/63389630833.html,799.00,否,1000
戴尔（DELL）3710商用办公台式机电脑酷睿12代I5-12400/32G/1T+256G固态/单主机/定制,https://item.jd.com/100033712737.html,3980.00,是,100
宏碁(Acer)暗影骑士·威N93英特尔酷睿i5游戏台机设计师电脑台式主机(12代i5-12400F16G512GGTX1660S),https://item.jd.com/100017248817.html,5289.00,是,5000
华硕（ASUS）12代i5-12400Fdiy电竞游戏设计台式电脑主机高配家用直播整机12400F/RTX3060Ti/500GSSD,https://item.jd.com/10053134904271.html,8499.00,否,2000
悍谷（HANGU）i510400/12400/12600k无显卡台式电脑办公主机企业DIY整机配置四i512400+16G+512G,https://item.jd.com/10056870867066.html,3299.00,否,100
紫客酷睿/独立显卡上网课LOL/CF直播主播家用模拟器多开办公组装吃鸡游戏台式电脑主机全套【大型游戏】i7九代/512G/1065+27曲屏,https://item.jd.com/65261474048.html,3799.00,否,10000.0
"爱心东东	
UIG英特尔酷睿i7升十二核/32G内存/RTX3060吃鸡台式电脑全套主机组装游戏家用企业办公主机+32英寸显示器配置三【E5十核+16G/512G/流畅吃鸡】",https://item.jd.com/10056272269721.html,3398.00,否,10000.0
宁美国度魂高性能核显台式机电脑主机（i912900K32G1T固态）三年质保,https://item.jd.com/100015259375.html,9589.99,是,100
联想(Lenovo)小新Pro27一体台式电脑英特尔酷睿i927英寸2.5K高刷屏(12代i9-12900H16GDDR5内存1TBSSD),https://item.jd.com/100046092319.html,7599.00,是,5000
铭能XS2180设计师商用办公游戏台式电脑主机(12代i512400F/RTX2060S8G/16GD4/512G固态)电竞吃鸡光追独显,https://item.jd.com/100041945723.html,3799.00,是,5000
联想(Lenovo)天逸510Pro个人商务台式机电脑整机(12代i7-1270016G512GSSDwin11)23英寸,https://item.jd.com/100020514283.html,6599.00,是,20000.0
七彩虹（Colorful）iGameM600幻境之眼水冷游戏台式电脑主机（12代i7-12700K32GRTX3080500G+2TB）,https://item.jd.com/100036691186.html,14999.00,是,10000.0
"拍拍	
联想电脑英特尔i3i5i7独显家用游戏商务办公设计主机二手台式机全套9成新套餐三【酷睿i516G240G固态送22寸】",https://item.jd.com/67554019114.html,1699.00,否,500
华硕（ASUS）12代i512400F/2060组装电脑ROG吹雪台式电竞游戏主机27英寸整机27英寸曲面165HZ显示器套机配置四【i512400F/16G/2060显卡】,https://item.jd.com/10048972996614.html,6049.00,否,200
彩冠【十代酷睿i7】迷你小电脑主机微型台式机miniPC网课家用无纸化办公IDV云终端htpc【套餐四】酷睿i5/4G免费升8G/128GSSD,https://item.jd.com/69088625566.html,769.00,否,2000
京天(KOTIN)竞魂5206设计师电竞游戏台式电脑主机(i5-12400F16G512GRTX2060S8G独显WiFi三年上门),https://item.jd.com/100020683450.html,4899.00,是,2000
戴尔（DELL）成就3681台式机电脑商用办公家用炒股网课小机箱迷你整机全套3710外观主机+21.5英寸显示器套装英特尔G64058G256G固态定制,https://item.jd.com/10042989803555.html,2749.00,否,2000
宏碁(Acer)设计师游戏旗舰办公台式机电脑单主机(i7-1170032G512GRTX3070-8G独显冷排散热)定制,https://item.jd.com/100028137353.html,8499.00,是,200
宏碁（Acer）商用办公台式机整机家用网课电脑主机12代i5-1240016G256GSSD+1T4G独显+23.8英寸显示器定制,https://item.jd.com/100024039123.html,4199.00,是,2000
联想（Lenovo）天逸510s商用办公台式电脑全套整机家用迷你7.4L小机箱台式主机电脑单主机（不带显示器）I3-121008G内存256G固态定制,https://item.jd.com/27785806148.html,2899.00,否,5000
武极武神12代i512490F/华硕RTX3060电竞游戏台式组装电脑主机整机DIY组装机配置五：i512490F+RTX3060Ti单主机,https://item.jd.com/10049780642717.html,6369.00,否,10000.0
联想(Lenovo)天逸510S速龙版个人商务台式机电脑整机(AMD-A3050U8G1TBHDDWiFiWin11)单主机,https://item.jd.com/100015258807.html,2098.99,是,10000.0
欧雄酷睿i712700F/RTX3060粉色高配组装台式电脑主机直播游戏吃鸡水冷全套DIY组装机配置五【游戏发烧】,https://item.jd.com/10046832114490.html,8599.00,否,500
鑫锐i712700/i9/RTX3060/70吃鸡游戏电竞直播水冷台式DIY组装电脑主机全套套餐四-i9八核-306012G丨16G丨27寸,https://item.jd.com/26687721130.html,5299.00,否,20000.0
华橙高颜值海景房i512490F/RTX3060TI永劫无间吃鸡游戏台式DIY组装电脑主机整机套一i510400F丨512G丨1660Ti6,https://item.jd.com/10034114187763.html,2799.00,否,5000
"爱心东东	
狄派酷睿i9升十核/16G内存/1660S独显/台式机电脑主机整机全套组装家用电竞企业办公电脑主机+24英寸显示器配置三:十核丨512G丨RTX2060独显",https://item.jd.com/10061289974038.html,3998.00,否,5000
宝德自强PT620F2台式机电脑飞腾FT-2000/4核/8GB/256GBSSD/4G独显/23.8英寸国产专用,https://item.jd.com/100018242735.html,4700.00,是,9.0
"拍拍	
【二手9成新】电脑主机DELL戴尔双核四核i3i5i7高端办公主机二手电脑二手台式机套C:i3-2100/8G/240G固态【单主机】",https://item.jd.com/69162119207.html,699.00,否,20000.0
酷开创维电脑智享系列办公商用台式机电脑酷睿i5主机（i5-1040016G512G全国联保）,https://item.jd.com/100023271326.html,2599.00,是,20000.0
宏碁(Acer)设计师游戏旗舰办公台式机电脑单主机(i7-1170032G内存512G固态+1TBRTX3060-12G独显)定制,https://item.jd.com/100040672137.html,7399.00,是,200
AOC品牌台式电脑商用办公设计家用网课学习游戏主机酷睿高清屏幕整机全套12代高频G6900/16G/512G固态单主机,https://item.jd.com/48906959284.html,2399.00,否,5000
欧雄酷睿i7/RTX3060组装台式电脑游戏水冷主机全套台式机高配英雄联盟吃鸡整机全套DIY组装机套餐六【游戏发烧】,https://item.jd.com/10025900249219.html,6399.00,否,2000
和谐号【12代i512400F/RTX306012G/32GD4/512G固态】电竞光追游戏独显直播吃鸡永劫无间台式电脑主机,https://item.jd.com/100029086761.html,4899.00,是,1000
"拍拍	
华硕i7/i910850K/RTX2080/3060游戏直播吃鸡设计剪辑组装电脑主机二手台式机四：酷睿i7GTX1060畅玩吃鸡送32曲面整机全套99成新",https://item.jd.com/10054261693676.html,2499.00,否,500
武极武神12代i512490F/华硕RTX3060电竞游戏台式组装电脑主机整机DIY组装机配置二：i512490F+RTX2060单主机,https://item.jd.com/10043826088570.html,6099.00,否,10000.0
天虹酷睿i5-10500Mini迷你主机四核商用办公家用小主机台式微型电脑云终端无纸化网课DIY【套餐一】四核A8/4G/128G/内置WiFi,https://item.jd.com/51731884936.html,599.00,否,5000
AOC品牌台式电脑商用办公设计家用网课学习游戏主机酷睿高清屏幕整机全套12代高频G6900/8G/256G固态单主机,https://item.jd.com/48906959281.html,2099.00,否,5000
亚当贝尔英特尔酷睿i7/独显/16G家用办公电竞游戏吃鸡设计师炒股组装台式电脑主机整机全套单主机配置一：酷睿i5/8G/512G固态硬盘,https://item.jd.com/10028224970389.html,1280.00,否,20000.0
亚当贝尔i5升I7级八核/8G/256G商务办公家用炒股游戏台式电脑主机全套整机全套主机+27英寸电竞显示器高端八核/8G/256G,https://item.jd.com/71734250629.html,1799.00,否,200
【预售】京天华盛黑武士i512400F/RTX306012G/Ti游戏台式组装电脑主机DIY配置四：i512400F/RTX3060Ti,https://item.jd.com/10063308869210.html,6398.00,否,200
联想（Lenovo）天逸510S7.4升小机箱个人商务家用台式机电脑12代酷睿i3-121008G内存1T机械单主机,https://item.jd.com/10029601010602.html,2739.00,是,5000
航向者intel酷睿i7升十核/RTX2060S/1660S游戏吃鸡台式电脑主机DIY全套组装机套餐二i9级十核丨16G丨10708G独显,https://item.jd.com/10036877527557.html,1899.00,否,1000
亚当贝尔英特尔酷睿i7/16G内存/512G固态硬盘商务办公设计家用娱乐组装DIY台式电脑主机单主机+27英寸显示器酷睿i7/16G/512G,https://item.jd.com/10048548405325.html,2399.00,否,200
航向者intel四核/六核/八核企业商用多屏炒股办公家用游戏台式电脑主机DIY组装机整机全套,https://item.jd.com/10150086134.html,569.00,否,5000
"爱心东东	
狄派酷睿i9升十核/16G内存/1660S独显/台式机电脑主机整机全套组装家用电竞企业办公电脑电脑主机配置一:十核丨16G丨GTX1060独显",https://item.jd.com/10061289974032.html,2298.00,否,5000
邪手鬼灭i713700KF/3070/Ti/DDR5内存水冷游戏台式电脑主机DIY组装机配置一12700KF+七彩虹3070+16G内存,https://item.jd.com/10043921747257.html,8988.00,否,500
紫客酷睿/独立显卡上网课LOL/CF直播主播家用模拟器多开办公组装吃鸡游戏台式电脑主机全套【游戏多开】i9级十核-升10605G+27曲屏,https://item.jd.com/65261474047.html,3299.00,否,10000.0
方正（Founder）商用办公台式机电脑家用网课电脑单主机(英特尔N59058G内存256GSSD）,https://item.jd.com/100044322693.html,1399.00,是,10.0
联想(Lenovo)台式机电脑主机扬天M590(锐龙5-5600G8G512GWiFiOffice)21.45英寸整机,https://item.jd.com/100013934511.html,2999.00,是,20000.0
宏碁(Acer)商用办公mini台式机电脑家用网课小主机(i5-114008G256GSSD+1TB集显WiFi定制)单主机,https://item.jd.com/100034436363.html,2749.00,是,200
11代酷睿i7八核RTX3060吃鸡LOL直播剪辑商用办公家用游戏电脑台式机主机整机组装机主机+24英寸高清显示器全套送键鼠【推荐】11代i7/16g/512g/1650电竞,https://item.jd.com/10065841040951.html,4596.00,否,22.0
华硕（ASUS）DIY整机12代i512490F/RTX3060游戏台式主机设计渲染组装电脑全套配置一(12490F+3060)单主机,https://item.jd.com/10059530351528.html,5899.00,否,200
机械师（MACHENIKE）未来战舰III代水冷游戏台式机电脑电竞主机（i7-11700K16G512GSSD显卡加装750W金牌）,https://item.jd.com/100029163091.html,4499.90,是,5000
华硕（ASUS）华硕i512400企业家用办公集显主机游戏办公台式电脑主机设计师电脑DIY组装机默认配置十二代i5/8G+256G,https://item.jd.com/10034519815472.html,2599.00,否,200
"京品电脑	
联想(Lenovo)天逸510S个人商务台式机电脑整机(12代i5-12400 8G1Twifiwin11)21.45英寸",https://item.jd.com/100031259078.html,3899.00,是,100000.0
戴尔（DELL）成就3910新品12代i3/i5商用办公台式电脑家用游戏设计商务台式机主机全套单主机（含键鼠套装）I3-121008G1T+128G集显定制,https://item.jd.com/10047190274014.html,2999.00,否,20000.0
技嘉（GIGABYTE）i512490F/RTX3060/3060Ti永劫无间台式组装电脑主机配置二【i512490F+RTX2060S】组装电脑,https://item.jd.com/10053520196841.html,4699.00,否,100
品纯（PINCHUN）英特尔十核32G内存/台式机电脑主机整机全套组装家用游戏办公水冷电竞主机配置一：八核强芯+16G/256G/办公网游,https://item.jd.com/10048722950461.html,2399.00,否,20000.0
铭能XS2180设计师商用办公游戏台式电脑主机(12代i712700F/RTX2060S8G/32GD4/512G固态)电竞吃鸡光追独显,https://item.jd.com/100041945697.html,4899.00,是,5000
联想（Lenovo）M3900q迷你主机个人办公家用学习台式机电脑整机定制版AMD单主机无显示器速龙A-3050U8G256GSSD集显,https://item.jd.com/10026743060170.html,2199.00,否,10000.0
"拍拍	
外星人AlienwareAuroraR10R11R12R13R14官翻二手电脑台式机i9-11900K1282T+2T3090【官翻机-准新】单主机两年官方上门保修",https://item.jd.com/26161097253.html,21499.00,否,200
华为(HUAWEI)擎云W515政府教育商务信创台式机(麒麟9908GB256GB+1T)wifi定制,https://item.jd.com/100048173011.html,5600.00,是,0.0
邪手高达i510400F升12490F/2060/3060游戏台式电脑主机DIY组装机升级版i510400F+RTX2060单主机,https://item.jd.com/10044587956384.html,4488.00,否,1000
惠普（HP）TP01商务白色台式机电脑主机网课办公商用i5-1240016G256G+1T定制,https://item.jd.com/10047373628804.html,3699.00,否,500
联想（Lenovo）GeekPro2022设计师制图游戏办公台式电脑主机16G大内存锐龙R5RTX3060LHR-12G单主机,https://item.jd.com/10037689397669.html,5058.00,是,2000
宁美-魂-Z时代I512400F/RTX3050/16G内存/500G固态/华硕主板永劫无间游戏主机/DIY组装电脑/台式电脑主机,https://item.jd.com/100032719094.html,5099.00,是,10000.0
联想（Lenovo）拯救者刃7000P制图设计游戏台式电脑主机（标配R7-580032G1T独显16GRX6800XTWin11）,https://item.jd.com/100045572341.html,12099.00,是,0.0
戴尔（DELL）3710商用办公台式机电脑I5-12400/32G/1T+256G固态/独显4G/单主机/定制,https://item.jd.com/100035034537.html,4599.00,是,100
雷索i510400F/12400F/RTX3070/1660S游戏台式电脑主机DIY组装整机全套套五i512400F丨16G丨1660S6G,https://item.jd.com/10028261793403.html,2899.00,否,5000
Leno国行【英特尔酷睿i7级+4G独显】mini迷你电脑主机台式机商用办公游戏电竞装单主机整机全套大魔方《i5酷睿八代4G独显16G+256G》套餐一《单机标配》,https://item.jd.com/10051479866701.html,3198.00,否,100
鑫锐i712700/i9/RTX3060/70吃鸡游戏电竞直播水冷台式DIY组装电脑主机全套套餐一12700F-3060Ti丨16G丨27寸,https://item.jd.com/11383450672.html,6699.00,否,20000.0
机械师未来战舰III代游戏台式机电竞设计高配渲染电脑主机12代处理器大功率电源现货速发核显过渡12代i5+16G+512G+600W,https://item.jd.com/10054982911992.html,3799.00,否,100
宏碁(Acer)商用办公台式机电脑家用网课电脑单主机(英特尔G59058G内存256GSSD集显定制)含商务键鼠,https://item.jd.com/100038887064.html,1699.00,是,200
戴尔DELL灵越3910家用办公电脑商务台式机电脑主机(12代i5-1240016G512GSSD)23.8英寸整机,https://item.jd.com/100031499692.html,4899.00,是,20000.0
武极武神12代i512490F/华硕RTX3060电竞游戏台式组装电脑主机整机DIY组装机配置一：i512490F+GTX1660S单主机,https://item.jd.com/10057356709774.html,4529.00,否,10000.0
惠普HP暗影精灵8台式电脑游戏台式机主机设计师电脑12代i5-12400ArcA3806G独显16G256GSSD+1T,https://item.jd.com/100036908839.html,4999.00,是,50000.0
联想（Lenovo）GeekPro2022设计师家用办公学习台式机电脑主机酷睿i5-12400F单主机无显示器定制版16G512G固态RX550-4G独显,https://item.jd.com/29237041963.html,5199.00,否,2000
"京品电脑	
惠普(HP)战99商用办公台式电脑主机(AMD锐龙5-5600G16G512GSSDOffice注册五年上门)23.8英寸显示器",https://item.jd.com/100021039454.html,3998.00,是,10000.0
"拍拍	
戴尔台式电脑主机i7/i5/i3独显游戏家用网课商务办公设计全套二手台式机六：i7/16G/740G双盘（高级强悍送24寸主机+显示器9成新",https://item.jd.com/10042284943493.html,1799.00,否,1000
机械师（MACHENIKE）台式机i512400F/3060电竞游戏设计台式电脑主机DIY整机配置一准系统i512400/16G/512G单主机,https://item.jd.com/10056068707663.html,3699.00,否,500
京天华盛逐梦者英特尔12代酷睿i512400F游戏台式机组装电脑DIY主机配置二：i512400F/RTX3060Ti,https://item.jd.com/10041580245533.html,5999.00,否,5000
华硕（ASUS）i512400F/i7RTX3060/Ti/3050/组装电脑台式游戏主机整机16G(8G*2)+256G升级版:i512400F/RTX3060,https://item.jd.com/10044914704688.html,5789.00,否,500
华硕（ASUS）i512400FGTX1050Ti/RTX3050组装电脑台式主机游戏机配置一：12400/核显/8G/128G,https://item.jd.com/10029784388944.html,2389.00,否,200
宏碁(Acer)商用办公台式机电脑家用网课电脑单主机(i5-1240016G256GSSD+1T4G独显定制)含商务键鼠,https://item.jd.com/100028137851.html,3599.00,是,2000
"京品电脑	
惠普(HP)战99商用办公台式电脑主机(AMD锐龙5-5600G8G1TOffice注册五年上门)",https://item.jd.com/100021684048.html,2799.99,是,1000
"线下同款	
华为（HUAWEI）台式电脑MateStationS7nm锐龙企业商用办公家用网课多设备协同单主机丨AMDR54600G/8G/512G官方标配",https://item.jd.com/10037067520819.html,3299.00,否,1000
宁美国度魂吃鸡游戏台式机电脑主机（i510400FGTX16308G512G固态）,https://item.jd.com/100021896408.html,3199.00,是,2000
华硕（ASUS）i512400F/1660游戏组装电脑吃鸡电竞台式机DIY水冷ROG灯主机整机配置一【i5/16G/1050Ti/ROG灯板套】,https://item.jd.com/65339439573.html,3779.00,否,500
华为台式电脑主机MateStationS商用办公电脑(I5-1040016G256G+1TWin11H)指纹键盘,https://item.jd.com/100037848201.html,3999.00,是,200
七彩虹（Colorful）iGameM380设计师游戏台式电脑主机（十一代i5-1140016G500GnvmeGTX16504G）,https://item.jd.com/100029553330.html,4299.00,是,5000
联想（Lenovo）来酷个人商务办公台式机电脑8升主机赛扬N50958G256G固态23英寸,https://item.jd.com/60326162392.html,1999.00,是,10000.0
酷开（coocaa）创维电脑迷你主机商用办公家用小主机台式机mini电脑11代N5095【迷你主机】四核N50958G256G固态【支持多屏显示壁挂WIFI蓝牙】,https://item.jd.com/10060819889645.html,999.00,否,1000
阿玛塔酷睿i7/12400F/2060S8G高配独显游戏吃鸡组装电脑主机全套台式组装机DIY整机配置二i7十代/20606G/512G主机,https://item.jd.com/43520124636.html,3568.00,否,20000.0
"拍拍	
Applemacmini二手苹果主机办公设计台式机商用电脑家用迷你小主机另有苹果垃圾桶95新MD388i7-16G-512G固态",https://item.jd.com/10021353081001.html,2420.00,否,200
攀升探险家12代i512400F/RTX3050/华硕B660/500GNVMe/16G设计师电竞游戏台式电脑主机全套整机DIY组装机UPC,https://item.jd.com/100032661520.html,5499.00,是,5000
宏碁（acer）酷睿12代i7-12700台式电脑办公商用游戏绘图设计整机家用电脑主机全套单主机电脑【旗舰版】12核I7-12700+32G+1T固态,https://item.jd.com/10055354360737.html,5588.00,否,2000
雷神(ThundeRobot)GeekBox设计师游戏台式电脑电竞主机(12代i5-1240016GGTX1660Ti512GSSD三年上门),https://item.jd.com/100038199068.html,4998.00,是,10000.0
联想(Lenovo)小新一体台式机电脑23.8英寸(R55500U8G512GSSD摄像头win11)白,https://item.jd.com/100035902722.html,3499.00,是,20000.0
"拍拍	
DELL/戴尔3020二手电脑台式机小主机四核电脑i3i5i7主机办公家用学习主机配置2：i3-2100/4G/128G固态/9成新",https://item.jd.com/69323521939.html,628.00,否,2000
七彩虹（Colorful）I512400F/3060/ti3070游戏台式DIY组装电脑主机1650+12400F+256G+8G入门吃鸡,https://item.jd.com/10033636858843.html,3699.00,否,500
联想（Lenovo）拯救者刃7000K吃鸡电竞游戏设计家用台式机电脑主机12代I5-12400F定制16G512G固态RX550-4G主机+23.0英寸显示器,https://item.jd.com/29699752611.html,6699.00,否,2000
逆世界酷睿i512400F/RTX3060Ti8G独显台式电脑主机吃鸡游戏直播办公家用整机全套套餐一10400F+B560+RX5808G显卡,https://item.jd.com/10293516338.html,2199.00,否,50000.0
亚当贝尔酷睿i7/i9级十核/电竞独显/台式机电脑主机家用游戏办公组装电脑整机全套单主机配置五：酷睿i7/16G/1050Ti/512G,https://item.jd.com/10024832322306.html,1699.00,否,20000.0
华硕（ASUS）i512400F/RTX3060/TI独显游戏台式电脑主机DIY组装机配置三（i512400F+RTX3060Ti）,https://item.jd.com/10059141956221.html,5899.00,否,200
宏碁(Acer)暗影骑士·崭N9A游戏电脑主机(12代i5RTX306016G内存512G固态侧透一体式水冷散热),https://item.jd.com/100022309135.html,6499.00,是,5000
飞利浦S927英寸旋转升降台式一体机电脑家用办公收银主机(Intel酷睿i516G512GSSDWiFi3年上门)白色,https://item.jd.com/100025929391.html,3599.00,是,10000.0
外星人ALIENWARER13水冷电竞游戏高端台式机第12代i732G512GB+2TRTX3070办公台式机9776W,https://item.jd.com/100027987448.html,23969.00,是,500
华硕（ASUS）PN41商用办公教育Mini迷你主机台式机准系统微型电脑Intel四核N6005（有声卡无内存硬盘WIFI）,https://item.jd.com/10052485271098.html,1399.00,是,100
戴尔(DELL)OptiPlex7000MFF12代i7办公迷你台式电脑单主机i7-12700T/16G/1T固态/集显内置蓝牙+WIFI定制,https://item.jd.com/100015384097.html,5699.00,是,17.0
武极HERO-蓝戟游戏组装电脑i510400F台式机主机整机DG可选全套十代i5GTX165016G500G,https://item.jd.com/10052079088297.html,3499.00,是,5000
雷索海景房i512400F/RTX2060/3070电竞吃鸡游戏台式电脑整机全套主机DIY组装机套三：i512400F丨16G丨20708G,https://item.jd.com/19865672705.html,3569.00,否,20000.0
宏碁(Acer)暗影骑士·崭N98游戏主机台式电脑(12代i7-12700RTX3060Ti16G内存512G固态侧透240水冷散热),https://item.jd.com/100038594662.html,8799.00,是,5000
戴尔（DELL）成就3890台式机电脑主机办公游戏商用家用直播迷你全套整机酷睿6核i5-11400单主机(无显示器)11代i516G1T256G核显定制,https://item.jd.com/72003318885.html,3699.00,否,2000
惠浦（HPC）32英寸75Hz广视角显示器直面微边框电竞游戏家用办公高清监控液晶台式电脑屏幕,https://item.jd.com/100027272468.html,849.00,是,10000.0
联想（Lenovo）台式机英特尔新品12代酷睿i5-12400个人商务游戏办公台式机企业电脑整机单主机12代i5-124008G1T+256G,https://item.jd.com/10062916665232.html,4099.00,是,27.0
攀升（IPASON）战神PRO酷睿i712700F/3060/3070游戏设计台式电脑主机整机【配置一】12代酷睿i7|RTX3060,https://item.jd.com/10021736108609.html,7199.00,否,2000
联想开天M630Z国产台式机兆芯EZX-EU6780A/8GB/256GBSSD/1G独显/DVDRW,https://item.jd.com/100025137375.html,4500.00,是,14.0
神舟(HASEE)战神K55十二代专业设计师游戏台式电脑主机（i5-1240016G512GSSDRTX30508G独显WIN11）,https://item.jd.com/100036908875.html,5399.00,是,5000
戴尔dell成就3710办公电脑商用台式机小机箱电脑主机(i5-1240064G512G2G独显WiFi单主机定制K,https://item.jd.com/100030075789.html,5399.00,是,8.0
AOC荣光912迷你商用办公台式机家用电脑主机（11代4核N50958G256GSSDWiFi商务键鼠3年上门）,https://item.jd.com/100024847576.html,1199.00,是,10000.0
名龙堂（MLOONG）奥卡龙i712700F/3060Ti升3070台式组装电脑游戏直播主机豪华版I712700F/3070,https://item.jd.com/10058921460489.html,9988.00,否,500
铭能XS2180商用办公设计电竞吃鸡游戏台式电脑主机(12代i712700F/RTX306012G/32GD4/512G固态)27英寸,https://item.jd.com/100041945689.html,6548.00,是,5000
清华同方国货精品精锐M780商用办公台式电脑整机(12代i3-121008G512GSSD三年上门内置WIFI）21.5英寸,https://item.jd.com/100037913792.html,2979.00,是,5000
华硕(ASUS)PN40商用办公家用Mini迷你主机台式机微型准系统电脑(Intel四核J4125不含内存/硬盘/WiFi),https://item.jd.com/100012979725.html,1299.00,是,20000.0
戴尔（DELL）成就3681办公商用家用台式机电脑酷睿迷你小主机整机全套3710同款单主机(含键盘鼠标)i58G256G+1T集显定制,https://item.jd.com/10047099238159.html,3399.00,否,50000.0
AMD锐龙R55600G新品主机企业家用办公游戏台式电脑主机设计师电脑DIY组装机默认配置/5600G/8G/256G/VEGA核显,https://item.jd.com/10044418399179.html,1699.00,否,100
戴尔（DELL）成就3881/3890办公电脑商用台式机电脑学习财务炒股迷你主机整机全套英特尔主机+21.5英寸显示器G64058G256G固态核显定制,https://item.jd.com/63165885729.html,3099.00,否,5000
机械师（MACHENIKE）创物者S办公商用家用台式机小机箱电脑主机整机（i3-121008G512GSSD键鼠+21.5英寸）,https://item.jd.com/100022046443.html,2799.99,是,200
零刻SER5R5-5600H锐龙6核高性能超静音商务办公迷你主机16G/500G,https://item.jd.com/10063411447702.html,2088.00,否,500
武极商智AMD版商务办公组装电脑游戏设计企业家用网课台式机整机主机可选全套【3年上门】六核R5-5600G16G480G游戏核显,https://item.jd.com/10036649705253.html,2355.00,是,500
苍影i9十核RTX2060\/16G\M2固态游戏办公直播家用台式组装电脑主机吃鸡电脑台式整机全套单主机套餐二,https://item.jd.com/10033201781815.html,898.00,否,2000
宏碁(Acer)台式电脑办公商用迷你主机家用整机全套(12代i5-1240016G512G固态)商祺X4270680C23.8英寸,https://item.jd.com/100034296780.html,3968.00,是,2000
攀升探险家12代i512400F/RTX3060/华硕B660/500GNVMe/16G设计师电竞游戏台式电脑主机全套整机DIY组装机UPC,https://item.jd.com/100038134984.html,6199.00,是,5000
"拍拍	
戴尔台式电脑主机i7/i5/i3独显游戏家用网课商务办公设计全套二手台式机八：i7/16G/设计独显（设计力荐送24寸主机+显示器9成新",https://item.jd.com/10042284943495.html,2199.00,否,1000
惠普（HP）战99设计师办公台式机商用电脑主机单主机15L机箱【定制】i5-1250016G512G固态,https://item.jd.com/10061204620415.html,3599.00,否,20.0
联想（Lenovo)开天M530Z商务办公台式机21.5英寸3A40008G/256UOS,https://item.jd.com/100045534257.html,4500.00,是,0.0
联想（Lenovo）台式机M455酷睿i7-12700处理器商用游戏设计办公2G独显台式电脑单主机定制I7-1270016G1T+256G独显,https://item.jd.com/10059251586181.html,6199.00,是,52.0
武极星冠2电竞游戏组装电脑i512400F直播设计台式机主机整机可选全套十二代i512400F+GTX1660S店长推荐,https://item.jd.com/10042955847725.html,4799.00,是,1000
"京品电脑	
武极影刃i510400F/12400F/GT1030电竞游戏办公台式电脑主机整机DIY组装机",https://item.jd.com/1538345429.html,2599.00,否,20000.0
华硕（ASUS）DIY整机【未来者】12代i7-12700F台式电脑电竞设计家用直播吃鸡游戏主机配置三i712700F+RTX3060+16G主机,https://item.jd.com/10054022557617.html,7399.00,否,1000
清华同方(THTF)超扬A9500商用办公台式电脑主机(12代i7-1270016G256G+1T五年上门内置WIFI),https://item.jd.com/100022309841.html,4787.00,是,200
戴尔（DELL）3710酷睿12代商用办公工业台式机电脑（I3-12100/16G/1T+256G固态/单主机）定制,https://item.jd.com/100042759911.html,3199.00,是,100
宏硕（hongshuo）电竞游戏办公设计家用台式电脑主机整机单主机③十代i516G内存756G硬盘GTX1060,https://item.jd.com/10049333162477.html,2498.00,否,500
华硕ASUSS500TC碉堡T5台式机电脑G64058G1T+256G集显内置WIFI蓝牙单主机机箱（20L）定制版,https://item.jd.com/100033041612.html,2919.00,是,1.0
微星(MSI)海皇戟S迷你游戏台式电脑办公电竞主机DDR4双通道(AMD锐龙R75700G16G512G固态),https://item.jd.com/100034926486.html,4499.90,是,1000
【预售】京天华盛i713700KF/Z790/RTX3080游戏台式组装电脑设计渲染DIY主机配置一：无显卡/16G/500G,https://item.jd.com/10063401937596.html,7399.00,否,62.0
宏碁(Acer)设计师游戏旗舰办公台式机电脑单主机(i5-11400F16G内存256G固态+1TBRTX3060-12G独显)定制,https://item.jd.com/100040572625.html,5699.00,是,1000
攀升商睿2代办公商用家用台式主机电脑整机（AMD锐龙3-3250U16G512G商务键鼠）,https://item.jd.com/100040766165.html,1699.00,是,5000
华硕(ASUS)PN51mini迷你主机商用办公家用小主机微型台式机电脑(AMD锐龙R7-5700U16G1TSSDWin11Wifi6),https://item.jd.com/100042829701.html,3999.99,是,20000.0
